timestamp,y_true,y_pred
2013-12-17 23:00:00,-1077.704,-1981.604678952909
2013-12-18 00:00:00,-485.75,-1076.991887302469
2013-12-18 01:00:00,-756.413,-452.7672264692619
2013-12-18 02:00:00,-929.767,-870.1840340977013
2013-12-18 03:00:00,-1131.805,-1129.904026028976
2013-12-18 04:00:00,-1406.955,-1278.0576957901105
2013-12-18 05:00:00,-1612.948,-1581.4985878817643
2013-12-18 06:00:00,-1776.418,-1718.0356758413893
2013-12-18 07:00:00,-2128.946,-1841.1300600870863
2013-12-18 08:00:00,-2404.841,-2325.9258874533957
2013-12-18 09:00:00,-2565.969,-2662.936218505427
2013-12-18 10:00:00,-2488.568,-2816.805965998629
2013-12-18 11:00:00,-2141.451,-2428.685841224276
2013-12-18 12:00:00,-1730.767,-1934.733930378902
2013-12-18 13:00:00,-1662.803,-1554.3445917182
2013-12-18 14:00:00,-1809.329,-1701.9604850700835
2013-12-18 15:00:00,-2261.116,-1897.1835385027189
2013-12-18 16:00:00,-2519.782,-2553.7064034953205
2013-12-18 17:00:00,-2628.312,-2533.683756991774
2013-12-18 18:00:00,-2809.378,-2752.5614430888095
2013-12-18 19:00:00,-3132.218,-2865.258158725684
2013-12-18 20:00:00,-3388.034,-3351.8408871353467
2013-12-18 21:00:00,-3428.433,-3499.12346108632
2013-12-18 22:00:00,-3322.766,-3083.779754699467
2013-12-18 23:00:00,-3245.878,-3351.892484316605
2013-12-19 00:00:00,-4207.547,-3202.891583657385
2013-12-19 01:00:00,-4498.827,-4739.445029632082
2013-12-19 02:00:00,-4733.723,-4696.468076377393
2013-12-19 03:00:00,-4811.243,-4719.290221881462
2013-12-19 04:00:00,-4941.817,-4755.987688685066
2013-12-19 05:00:00,-5650.679,-4835.96770299615
2013-12-19 06:00:00,-5847.404,-6018.97094764311
2013-12-19 07:00:00,-5915.972,-6066.596200796379
2013-12-19 08:00:00,-5730.19,-5913.847265654151
2013-12-19 09:00:00,-5556.922,-5720.23719100722
2013-12-19 10:00:00,-5520.217,-5667.466784493804
2013-12-19 11:00:00,-5774.463,-5654.094119361953
2013-12-19 12:00:00,-5749.665,-5910.954094335547
2013-12-19 13:00:00,-5801.578,-5682.766768830985
2013-12-19 14:00:00,-5721.068,-5720.04138059794
2013-12-19 15:00:00,-5643.091,-5590.920812472447
2013-12-19 16:00:00,-5150.5,-5582.285993465818
2013-12-19 17:00:00,-4742.889,-4878.938270505377
2013-12-19 18:00:00,-4030.248,-4360.675644041875
2013-12-19 19:00:00,-3653.361,-3467.2781091041966
2013-12-19 20:00:00,-2996.859,-3345.5429332879266
2013-12-19 21:00:00,-2318.414,-2793.8595382007693
2013-12-19 22:00:00,-1984.75,-2018.025924671287
2013-12-19 23:00:00,-2732.0,-1790.4548680152093
2013-12-20 00:00:00,-1233.661,-2889.280445606271
2013-12-20 01:00:00,-848.481,-1215.7366626930968
2013-12-20 02:00:00,-691.725,-793.6454101522085
2013-12-20 03:00:00,-625.75,-661.6974988082119
2013-12-20 04:00:00,-742.363,-605.5933824601105
2013-12-20 05:00:00,-873.623,-626.0419508894581
2013-12-20 06:00:00,-1019.296,-911.2009867058925
2013-12-20 07:00:00,-1270.96,-1117.290187646049
2013-12-20 08:00:00,-1428.266,-1283.758111964551
2013-12-20 09:00:00,-1513.539,-1607.2048087602027
2013-12-20 10:00:00,-1707.351,-1707.1995705681682
2013-12-20 11:00:00,-1968.969,-1906.544149738666
2013-12-20 12:00:00,-2235.104,-2015.3591782437582
2013-12-20 13:00:00,-2656.959,-2416.9896361478336
2013-12-20 14:00:00,-3159.568,-2779.865635947139
2013-12-20 15:00:00,-3936.69,-3416.899889009467
2013-12-20 16:00:00,-4418.007,-4520.8929343436685
2013-12-20 17:00:00,-4949.745,-4459.837510099671
2013-12-20 18:00:00,-5290.292,-5211.53100863885
2013-12-20 19:00:00,-5417.22,-5378.328628794334
2013-12-20 20:00:00,-5772.428,-5266.235984375667
2013-12-20 21:00:00,-6039.098,-5931.25217605227
2013-12-20 22:00:00,-6018.262,-6061.322208698381
2013-12-20 23:00:00,-6706.604,-4495.493519034143
2013-12-21 00:00:00,-6145.743,-7204.427567219546
2013-12-21 01:00:00,-6370.559,-5850.034189516942
2013-12-21 02:00:00,-6272.837,-5747.298493943942
2013-12-21 03:00:00,-5745.499,-5865.019382043466
2013-12-21 04:00:00,-6055.018,-5139.396528666279
2013-12-21 05:00:00,-6216.564,-5892.534100499425
2013-12-21 06:00:00,-6699.251,-6168.960874950016
2013-12-21 07:00:00,-7183.039,-6844.691375947363
2013-12-21 08:00:00,-7352.606,-7383.817412888645
2013-12-21 09:00:00,-7358.658,-7856.8010190953
2013-12-21 10:00:00,-7451.238,-7310.048096173745
2013-12-21 11:00:00,-7383.421,-7056.559686640976
2013-12-21 12:00:00,-7030.571,-7189.448947449058
2013-12-21 13:00:00,-6703.284,-6277.012152365718
2013-12-21 14:00:00,-6705.144,-6392.305312713882
2013-12-21 15:00:00,-6789.978,-6595.175555082107
2013-12-21 16:00:00,-7453.282,-6568.112176863803
2013-12-21 17:00:00,-7542.28,-7880.345756888208
2013-12-21 18:00:00,-7275.236,-7397.7754243572845
2013-12-21 19:00:00,-7043.044,-7195.310683151709
2013-12-21 20:00:00,-6905.878,-6348.641865431961
2013-12-21 21:00:00,-7050.957,-6943.122034962189
2013-12-21 22:00:00,-7345.309,-6841.132005826953
2013-12-21 23:00:00,-8062.39,-5506.421793564911
2013-12-22 00:00:00,-8402.741,-9041.571391279582
2013-12-22 01:00:00,-8842.114,-8569.231401444302
2013-12-22 02:00:00,-8272.014,-9565.232406776156
2013-12-22 03:00:00,-8049.226,-8855.34550041815
2013-12-22 04:00:00,-8009.234,-8210.697937993373
2013-12-22 05:00:00,-8343.172,-7816.264064697601
2013-12-22 06:00:00,-8068.766,-8741.94908911678
2013-12-22 07:00:00,-7846.508,-8365.576823020989
2013-12-22 08:00:00,-7624.0,-7883.158529486798
2013-12-22 09:00:00,-7581.236,-8048.885531846844
2013-12-22 10:00:00,-6956.583,-8107.251373230547
2013-12-22 11:00:00,-6740.878,-6650.6163444286385
2013-12-22 12:00:00,-6214.375,-6785.084349392797
2013-12-22 13:00:00,-5846.485,-6180.773052239307
2013-12-22 14:00:00,-5950.279,-5571.251699462823
2013-12-22 15:00:00,-6074.775,-6170.054525462658
2013-12-22 16:00:00,-6890.189,-6088.474253398157
2013-12-22 17:00:00,-7786.125,-7215.725618388652
2013-12-22 18:00:00,-8501.503,-8099.966986666649
2013-12-22 19:00:00,-8599.462,-8290.670307565324
2013-12-22 20:00:00,-8452.992,-8399.827682644098
2013-12-22 21:00:00,-7981.839,-8294.15096091704
2013-12-22 22:00:00,-7822.0,-7538.260411798561
2013-12-22 23:00:00,-8074.089,-5629.774637028437
2013-12-23 00:00:00,-7138.878,-8757.422270074807
2013-12-23 01:00:00,-6478.427,-6673.780424165839
2013-12-23 02:00:00,-6314.146,-6163.614661064763
2013-12-23 03:00:00,-6400.781,-6118.880602460277
2013-12-23 04:00:00,-6479.015,-6161.818161596776
2013-12-23 05:00:00,-6343.719,-6419.029270387082
2013-12-23 06:00:00,-5835.431,-6239.879487522685
2013-12-23 07:00:00,-4968.795,-5711.084109608862
2013-12-23 08:00:00,-4507.163,-4525.883323265986
2013-12-23 09:00:00,-3949.507,-4271.935779571978
2013-12-23 10:00:00,-3567.272,-3755.020845906971
2013-12-23 11:00:00,-3585.55,-3337.777825784059
2013-12-23 12:00:00,-3151.737,-3581.573397169412
2013-12-23 13:00:00,-2552.654,-2891.427070944407
2013-12-23 14:00:00,-2674.134,-2371.549424262501
2013-12-23 15:00:00,-3978.444,-2686.5867453171154
2013-12-23 16:00:00,-5681.854,-4469.925438265581
2013-12-23 17:00:00,-6328.932,-6083.718669652018
2013-12-23 18:00:00,-7051.144,-6689.343903128495
2013-12-23 19:00:00,-7657.59,-7398.704827254944
2013-12-23 20:00:00,-8279.756,-7920.253507045449
2013-12-23 21:00:00,-8593.747,-8686.048862360509
2013-12-23 22:00:00,-8811.0,-8180.913857163483
2013-12-23 23:00:00,-8685.48,-5610.332501867524
2013-12-24 00:00:00,-8887.046,-8934.491715153672
2013-12-24 01:00:00,-8760.153,-8819.19409118914
2013-12-24 02:00:00,-8928.401,-8523.782555864791
2013-12-24 03:00:00,-8888.879,-8963.967642659542
2013-12-24 04:00:00,-8848.867,-9267.9343255858
2013-12-24 05:00:00,-8730.024,-9411.319134540212
2013-12-24 06:00:00,-9164.867,-8677.374184038128
2013-12-24 07:00:00,-9334.696,-8993.898929759678
2013-12-24 08:00:00,-9057.303,-9519.019528646257
2013-12-24 09:00:00,-8968.75,-9617.184220846912
2013-12-24 10:00:00,-9254.429,-9458.04266598887
2013-12-24 11:00:00,-8978.672,-9388.572611229441
2013-12-24 12:00:00,-8700.118,-9257.906905654709
2013-12-24 13:00:00,-8672.978,-8502.343808360029
2013-12-24 14:00:00,-8468.314,-8087.430694429709
2013-12-24 15:00:00,-8548.055,-7988.64652755951
2013-12-24 16:00:00,-8779.25,-8476.095438820057
2013-12-24 17:00:00,-8807.118,-8078.561956305017
2013-12-24 18:00:00,-8857.541,-8946.030487285927
2013-12-24 19:00:00,-8614.546,-8440.213559721713
2013-12-24 20:00:00,-8296.397,-7928.155477725466
2013-12-24 21:00:00,-8318.976,-8211.550300097766
2013-12-24 22:00:00,-7911.057,-7692.543908882566
2013-12-24 23:00:00,-5574.733,-6575.474258065459
2013-12-25 00:00:00,-7065.219,-5512.891995955775
2013-12-25 01:00:00,-7028.164,-7249.1744365230315
2013-12-25 02:00:00,-7004.036,-7612.6162043007225
2013-12-25 03:00:00,-7098.338,-6859.736578526301
2013-12-25 04:00:00,-6890.859,-7191.983330063785
2013-12-25 05:00:00,-6794.926,-6858.221148036422
2013-12-25 06:00:00,-6784.432,-6849.056132810287
2013-12-25 07:00:00,-6490.151,-6727.425768816487
2013-12-25 08:00:00,-6264.982,-6617.656926040314
2013-12-25 09:00:00,-5128.975,-6115.772809246658
2013-12-25 10:00:00,-3249.675,-4508.743315225395
2013-12-25 11:00:00,-2448.74,-2668.6936556920455
2013-12-25 12:00:00,-1965.689,-2117.2220049215634
2013-12-25 13:00:00,-1724.897,-1630.239496197547
2013-12-25 14:00:00,-1502.491,-1637.4400094755435
2013-12-25 15:00:00,-1321.75,-1334.4399035536223
2013-12-25 16:00:00,-1044.229,-1246.4788190160707
2013-12-25 17:00:00,-895.903,-1003.3093663328101
2013-12-25 18:00:00,-561.445,-621.6486233915762
2013-12-25 19:00:00,-408.689,-562.9856942697902
2013-12-25 20:00:00,-382.862,-644.7960965598745
2013-12-25 21:00:00,-242.386,-542.8310308183349
2013-12-25 22:00:00,-127.75,-344.80919262852643
2013-12-25 23:00:00,-421.689,-789.9448263632866
2013-12-26 00:00:00,-93.023,-518.5759540039394
2013-12-26 01:00:00,-288.522,-126.85415469816967
2013-12-26 02:00:00,-474.565,-323.8482516084858
2013-12-26 03:00:00,-718.915,-571.4357107023945
2013-12-26 04:00:00,-948.515,-886.7095479448376
2013-12-26 05:00:00,-849.34,-1082.8959707873917
2013-12-26 06:00:00,-621.424,-899.2790999134659
2013-12-26 07:00:00,-508.046,-541.3879844580691
2013-12-26 08:00:00,-537.513,-474.929085911072
2013-12-26 09:00:00,-623.828,-586.1910809907895
2013-12-26 10:00:00,-568.816,-687.2234142275331
2013-12-26 11:00:00,-540.883,-616.8370426451768
2013-12-26 12:00:00,-540.293,-567.1714345941845
2013-12-26 13:00:00,-553.164,-584.7416888551455
2013-12-26 14:00:00,-648.156,-583.8957477575754
2013-12-26 15:00:00,-660.844,-711.7413589215219
2013-12-26 16:00:00,-467.797,-652.9541670619568
2013-12-26 17:00:00,-277.951,-431.92560257947076
2013-12-26 18:00:00,-174.035,-215.54742605531365
2013-12-26 19:00:00,-220.24,-99.88776839895276
2013-12-26 20:00:00,-433.533,-259.56059049510463
2013-12-26 21:00:00,-796.359,-583.0469228179561
2013-12-26 22:00:00,-1201.446,-978.6930193519521
2013-12-26 23:00:00,-3205.814,-2132.8001944862726
2013-12-27 00:00:00,-1738.487,-3179.8121246679525
2013-12-27 01:00:00,-1914.336,-1760.0137884308767
2013-12-27 02:00:00,-2227.918,-1816.8739651928197
2013-12-27 03:00:00,-2483.032,-2495.704892083661
2013-12-27 04:00:00,-2373.451,-2567.984997393006
2013-12-27 05:00:00,-2385.192,-2334.6716335350047
2013-12-27 06:00:00,-2827.309,-2273.5166531976042
2013-12-27 07:00:00,-3445.204,-3001.1647998649523
2013-12-27 08:00:00,-4014.592,-3691.3289664054414
2013-12-27 09:00:00,-5402.34,-4476.677948360883
2013-12-27 10:00:00,-7131.438,-5786.000020424423
2013-12-27 11:00:00,-7551.618,-7463.534912704432
2013-12-27 12:00:00,-7412.367,-7817.7641938460365
2013-12-27 13:00:00,-7734.312,-7276.122741430327
2013-12-27 14:00:00,-7893.25,-7805.608225204839
2013-12-27 15:00:00,-8339.969,-7673.851459657368
2013-12-27 16:00:00,-8720.242,-8848.96029835055
2013-12-27 17:00:00,-8614.063,-8906.606630773094
2013-12-27 18:00:00,-8707.321,-8228.062685092935
2013-12-27 19:00:00,-8918.127,-8219.442351881695
2013-12-27 20:00:00,-8653.854,-9108.01877474874
2013-12-27 21:00:00,-8629.0,-8630.777882037599
2013-12-27 22:00:00,-8494.925,-8078.26935774882
2013-12-27 23:00:00,-5969.379,-7102.501277748788
2013-12-28 00:00:00,-7432.526,-5717.429273702014
2013-12-28 01:00:00,-7577.132,-7448.895049716065
2013-12-28 02:00:00,-7180.414,-7764.658061754756
2013-12-28 03:00:00,-6976.751,-6241.9019500842405
2013-12-28 04:00:00,-7107.168,-6977.225505886477
2013-12-28 05:00:00,-7050.301,-7334.239527520562
2013-12-28 06:00:00,-7195.64,-7246.648275703819
2013-12-28 07:00:00,-7213.551,-7269.59708028939
2013-12-28 08:00:00,-7118.16,-7290.52997837165
2013-12-28 09:00:00,-7082.075,-7266.105064898429
2013-12-28 10:00:00,-6079.325,-7277.059854172391
2013-12-28 11:00:00,-5214.995,-5889.712161295642
2013-12-28 12:00:00,-4568.015,-4757.94751789295
2013-12-28 13:00:00,-3951.804,-4231.163437169375
2013-12-28 14:00:00,-2842.202,-3590.341099298463
2013-12-28 15:00:00,-2237.262,-2081.908049948386
2013-12-28 16:00:00,-2043.573,-1939.4227290358804
2013-12-28 17:00:00,-1892.112,-1670.3061241434723
2013-12-28 18:00:00,-1376.966,-1699.377144472906
2013-12-28 19:00:00,-956.151,-1311.2380069294693
2013-12-28 20:00:00,-808.149,-954.7597580696391
2013-12-28 21:00:00,-834.922,-892.8159127402575
2013-12-28 22:00:00,-931.946,-851.7346089525165
2013-12-28 23:00:00,-2091.306,-1870.1371680368848
2013-12-29 00:00:00,-1091.334,-2065.641505607273
2013-12-29 01:00:00,-1370.76,-1235.6414395097456
2013-12-29 02:00:00,-1759.205,-1595.821556830411
2013-12-29 03:00:00,-2549.305,-1920.189244097492
2013-12-29 04:00:00,-3305.627,-3037.2800214488416
2013-12-29 05:00:00,-3539.698,-3746.794570739724
2013-12-29 06:00:00,-3725.543,-3777.4953009051687
2013-12-29 07:00:00,-4010.496,-3799.127276382994
2013-12-29 08:00:00,-3553.702,-4342.426905420648
2013-12-29 09:00:00,-3555.411,-3426.981497928864
2013-12-29 10:00:00,-4032.698,-3610.7798242778163
2013-12-29 11:00:00,-4489.887,-4318.7250032295215
2013-12-29 12:00:00,-4200.976,-4793.219073605027
2013-12-29 13:00:00,-3927.603,-3952.8899526984933
2013-12-29 14:00:00,-4048.97,-3797.439485555413
2013-12-29 15:00:00,-3399.026,-3781.149652839214
2013-12-29 16:00:00,-3914.75,-3071.437900565586
2013-12-29 17:00:00,-3871.779,-4290.457817625754
2013-12-29 18:00:00,-3911.759,-3805.3525237066315
2013-12-29 19:00:00,-4432.729,-4135.910220552924
2013-12-29 20:00:00,-4548.514,-4620.651103361845
2013-12-29 21:00:00,-4984.576,-4710.66540977017
2013-12-29 22:00:00,-5268.166,-5331.528545735381
2013-12-29 23:00:00,-5068.056,-4850.721419241533
2013-12-30 00:00:00,-4785.284,-5376.921597418663
2013-12-30 01:00:00,-4156.43,-4658.494957687826
2013-12-30 02:00:00,-3744.538,-3879.2204151305277
2013-12-30 03:00:00,-3572.75,-3636.203325501805
2013-12-30 04:00:00,-3281.348,-3482.578296327105
2013-12-30 05:00:00,-2839.592,-3255.9757063864267
2013-12-30 06:00:00,-2912.727,-2455.4719188605573
2013-12-30 07:00:00,-3036.746,-2976.169137417417
2013-12-30 08:00:00,-2897.329,-3062.12728670883
2013-12-30 09:00:00,-2609.808,-2800.477857525253
2013-12-30 10:00:00,-2273.239,-2546.5143005785435
2013-12-30 11:00:00,-1930.276,-2164.6508616155356
2013-12-30 12:00:00,-1634.223,-1714.9389862710302
2013-12-30 13:00:00,-1528.952,-1611.433267442544
2013-12-30 14:00:00,-1789.227,-1410.910862045776
2013-12-30 15:00:00,-2589.823,-1812.9326093620984
2013-12-30 16:00:00,-3533.274,-3071.1166925643356
2013-12-30 17:00:00,-4324.945,-3910.9486927258836
2013-12-30 18:00:00,-4906.146,-4851.668341311245
2013-12-30 19:00:00,-5062.534,-4984.397821884969
2013-12-30 20:00:00,-5105.16,-5027.214502366703
2013-12-30 21:00:00,-4850.265,-4741.908475750876
2013-12-30 22:00:00,-4780.214,-4687.352869456817
2013-12-30 23:00:00,-4441.144,-4063.0065408631244
2013-12-31 00:00:00,-4477.327,-4681.915835861349
2013-12-31 01:00:00,-4127.274,-4346.309611018839
2013-12-31 02:00:00,-3755.611,-3945.8859455354586
2013-12-31 03:00:00,-3231.758,-3766.881967362984
2013-12-31 04:00:00,-2967.847,-2844.877223072114
2013-12-31 05:00:00,-2638.528,-2727.4397490138003
2013-12-31 06:00:00,-2382.968,-2420.137084913774
2013-12-31 07:00:00,-2235.863,-2303.679305994224
2013-12-31 08:00:00,-2123.798,-2038.693118727161
2013-12-31 09:00:00,-1874.61,-2049.6924195388947
2013-12-31 10:00:00,-1527.603,-1685.594899821446
2013-12-31 11:00:00,-1260.77,-1315.7240869448308
2013-12-31 12:00:00,-1177.588,-1112.4426710269447
2013-12-31 13:00:00,-1357.415,-1124.3734950469768
2013-12-31 14:00:00,-1944.703,-1507.3321926298622
2013-12-31 15:00:00,-2867.619,-2243.203278309222
2013-12-31 16:00:00,-3597.433,-3307.2043182627785
2013-12-31 17:00:00,-3920.654,-3979.269117301341
2013-12-31 18:00:00,-3979.913,-4375.462328090828
2013-12-31 19:00:00,-3917.02,-4011.1581394395953
2013-12-31 20:00:00,-3766.116,-4033.096826872174
2013-12-31 21:00:00,-3909.415,-3522.690625874165
2013-12-31 22:00:00,-3707.72,-3766.8218120719816
2013-12-31 23:00:00,-4147.948,-3783.938025567294
2014-01-01 00:00:00,-3811.956,-4771.438158322494
2014-01-01 01:00:00,-3776.615,-3727.288422495295
2014-01-01 02:00:00,-3830.154,-3782.3174295176123
2014-01-01 03:00:00,-3608.289,-3836.6698275619165
2014-01-01 04:00:00,-3363.084,-3480.0923561369973
2014-01-01 05:00:00,-3221.948,-3288.530866359057
2014-01-01 06:00:00,-3324.636,-2906.216090832212
2014-01-01 07:00:00,-3310.261,-3088.3900096486045
2014-01-01 08:00:00,-3404.19,-3162.0450740152714
2014-01-01 09:00:00,-2911.522,-3523.1147290507756
2014-01-01 10:00:00,-2290.192,-2975.423611916765
2014-01-01 11:00:00,-1852.098,-2011.327953658669
2014-01-01 12:00:00,-1406.499,-1571.8199762239774
2014-01-01 13:00:00,-1266.844,-1329.984228537633
2014-01-01 14:00:00,-1305.404,-1309.2037848502046
2014-01-01 15:00:00,-1798.66,-1298.8397756080685
2014-01-01 16:00:00,-2434.299,-2141.3395200360123
2014-01-01 17:00:00,-3028.653,-2870.151388021051
2014-01-01 18:00:00,-3507.289,-3228.934993753612
2014-01-01 19:00:00,-3981.6,-3789.1201304791557
2014-01-01 20:00:00,-4158.346,-4455.139447083344
2014-01-01 21:00:00,-4624.683,-4150.594203278847
2014-01-01 22:00:00,-4754.287,-4970.772472928336
2014-01-01 23:00:00,-2898.582,-3681.0269065320504
2014-01-02 00:00:00,-3304.539,-2498.1074816219198
2014-01-02 01:00:00,-3683.025,-3159.3962631782283
2014-01-02 02:00:00,-4101.472,-3861.9168430639393
2014-01-02 03:00:00,-4654.855,-4453.271729932275
2014-01-02 04:00:00,-4908.72,-4896.076092989267
2014-01-02 05:00:00,-5299.268,-5076.915678437142
2014-01-02 06:00:00,-5676.194,-5495.916477746939
2014-01-02 07:00:00,-5850.082,-5776.162369364472
2014-01-02 08:00:00,-6082.201,-5856.162214366475
2014-01-02 09:00:00,-5693.633,-6120.348210936009
2014-01-02 10:00:00,-5497.943,-5811.09823712757
2014-01-02 11:00:00,-5221.421,-5525.733054098086
2014-01-02 12:00:00,-4750.628,-5245.267193120501
2014-01-02 13:00:00,-4350.184,-4381.541991052158
2014-01-02 14:00:00,-4209.466,-4015.5311337812122
2014-01-02 15:00:00,-3999.417,-3852.676508602494
2014-01-02 16:00:00,-4034.34,-3822.5177255248823
2014-01-02 17:00:00,-3648.824,-3877.1528132120447
2014-01-02 18:00:00,-3161.716,-3271.5878519794496
2014-01-02 19:00:00,-2935.754,-2970.0033353728018
2014-01-02 20:00:00,-2410.241,-2775.0346462907555
2014-01-02 21:00:00,-1998.768,-2243.421501330468
2014-01-02 22:00:00,-1913.309,-1795.9013967008782
2014-01-02 23:00:00,-688.451,-2335.0464897397487
2014-01-03 00:00:00,-217.786,-662.8121756251637
2014-01-03 01:00:00,-171.215,-218.6067957181494
2014-01-03 02:00:00,-189.267,-186.00699083613358
2014-01-03 03:00:00,-114.495,-233.1100049540827
2014-01-03 04:00:00,-199.984,-177.39592863523055
2014-01-03 05:00:00,-243.95,-204.041905463402
2014-01-03 06:00:00,-346.963,-233.9122660477562
2014-01-03 07:00:00,-535.642,-292.3815978056206
2014-01-03 08:00:00,-438.82,-655.207711152833
2014-01-03 09:00:00,-198.493,-509.92737544239117
2014-01-03 10:00:00,-150.284,-280.339622560266
2014-01-03 11:00:00,-187.091,-124.43494320799034
2014-01-03 12:00:00,-207.059,-232.50612146083034
2014-01-03 13:00:00,-289.684,-283.04050662138934
2014-01-03 14:00:00,-361.293,-391.11217025707015
2014-01-03 15:00:00,-503.218,-418.61415474102097
2014-01-03 16:00:00,-869.749,-542.1107734134162
2014-01-03 17:00:00,-1541.325,-1099.6220394820127
2014-01-03 18:00:00,-2134.611,-2103.888985839878
2014-01-03 19:00:00,-2234.462,-2541.466670868344
2014-01-03 20:00:00,-2018.943,-2325.1414393046675
2014-01-03 21:00:00,-1909.135,-2034.7902910219182
2014-01-03 22:00:00,-1754.237,-1772.7852276772041
2014-01-03 23:00:00,-647.782,-1554.127761263091
2014-01-04 00:00:00,-154.613,-553.1993332570206
2014-01-04 01:00:00,-76.342,-128.78601452712152
2014-01-04 02:00:00,-58.947,-89.14481186587356
2014-01-04 03:00:00,-25.93,-76.74645152314835
2014-01-04 04:00:00,-87.293,-23.954297312496173
2014-01-04 05:00:00,-77.674,-61.577642495554336
2014-01-04 06:00:00,-102.867,-185.4804106868433
2014-01-04 07:00:00,-174.602,-73.18087679970377
2014-01-04 08:00:00,-319.217,-145.85725233029697
2014-01-04 09:00:00,-375.998,-376.31448199856845
2014-01-04 10:00:00,-372.641,-450.7572073156743
2014-01-04 11:00:00,-368.968,-443.6625609404495
2014-01-04 12:00:00,-397.144,-402.86786645640154
2014-01-04 13:00:00,-477.919,-388.23926065435126
2014-01-04 14:00:00,-567.944,-501.8120395098456
2014-01-04 15:00:00,-596.782,-607.2915247943035
2014-01-04 16:00:00,-742.65,-660.4666253821799
2014-01-04 17:00:00,-982.192,-875.2764396052036
2014-01-04 18:00:00,-1302.723,-1191.6101259369163
2014-01-04 19:00:00,-1747.456,-1571.7668242713348
2014-01-04 20:00:00,-2151.079,-2051.450593725073
2014-01-04 21:00:00,-1955.579,-2371.520326331024
2014-01-04 22:00:00,-1849.847,-1872.8154954638792
2014-01-04 23:00:00,-1185.489,-1847.3387434510369
2014-01-05 00:00:00,-915.0,-1075.449571916221
2014-01-05 01:00:00,-933.968,-866.2842353758788
2014-01-05 02:00:00,-1122.038,-912.7898756203649
2014-01-05 03:00:00,-1141.083,-1200.4406645376482
2014-01-05 04:00:00,-959.002,-1229.7191011132247
2014-01-05 05:00:00,-1106.561,-898.6346149846944
2014-01-05 06:00:00,-921.576,-1094.1982286279642
2014-01-05 07:00:00,-625.985,-811.752265459855
2014-01-05 08:00:00,-364.258,-523.1936330728702
2014-01-05 09:00:00,-287.708,-400.5854064614072
2014-01-05 10:00:00,-297.759,-291.63087430372565
2014-01-05 11:00:00,-325.27,-372.5532449631286
2014-01-05 12:00:00,-313.158,-335.1262124442657
2014-01-05 13:00:00,-386.077,-338.2101014227952
2014-01-05 14:00:00,-687.563,-433.8566687507088
2014-01-05 15:00:00,-849.765,-886.6533428669659
2014-01-05 16:00:00,-1071.75,-1000.2262636496432
2014-01-05 17:00:00,-1347.966,-1210.5974238909484
2014-01-05 18:00:00,-1417.957,-1461.7424052706253
2014-01-05 19:00:00,-1816.081,-1533.7017542974347
2014-01-05 20:00:00,-2056.886,-2100.8472258449956
2014-01-05 21:00:00,-2247.0,-2113.9344475689836
2014-01-05 22:00:00,-2361.95,-2308.7424036708685
2014-01-05 23:00:00,-1459.169,-2708.458786122084
2014-01-06 00:00:00,-1658.381,-1494.4454744970017
2014-01-06 01:00:00,-1613.22,-1759.4932749287987
2014-01-06 02:00:00,-1444.827,-1560.8608462204263
2014-01-06 03:00:00,-1070.5,-1350.85222978463
2014-01-06 04:00:00,-797.037,-881.2654711571922
2014-01-06 05:00:00,-477.553,-610.8528718607555
2014-01-06 06:00:00,-184.714,-237.90902810829826
2014-01-06 07:00:00,-106.973,-75.5745312082007
2014-01-06 08:00:00,-178.885,-76.13872089270927
2014-01-06 09:00:00,-231.71,-201.14063141051383
2014-01-06 10:00:00,-289.887,-292.3469092109846
2014-01-06 11:00:00,-319.372,-368.7792455277448
2014-01-06 12:00:00,-293.418,-287.6689119036914
2014-01-06 13:00:00,-332.608,-277.9226930362621
2014-01-06 14:00:00,-341.355,-366.5532619720494
2014-01-06 15:00:00,-296.677,-353.3542838119853
2014-01-06 16:00:00,-220.04,-271.31899287854236
2014-01-06 17:00:00,-172.34,-81.65535045776724
2014-01-06 18:00:00,-163.469,-153.84325461636888
2014-01-06 19:00:00,-231.77100000000002,-237.1000936297155
2014-01-06 20:00:00,-329.029,-371.45832932732725
2014-01-06 21:00:00,-455.466,-551.5931176433552
2014-01-06 22:00:00,-455.628,-533.6854689453246
2014-01-06 23:00:00,-1376.827,-1494.5611204671252
2014-01-07 00:00:00,-1684.794,-1325.4889851829685
2014-01-07 01:00:00,-1871.233,-1765.8465461070036
2014-01-07 02:00:00,-1909.959,-1921.4294188588965
2014-01-07 03:00:00,-1708.461,-1942.3908943313124
2014-01-07 04:00:00,-1423.9,-1659.5009401301795
2014-01-07 05:00:00,-1020.067,-1282.086988436361
2014-01-07 06:00:00,-508.498,-805.7398043078688
2014-01-07 07:00:00,-316.026,-400.09867024447357
2014-01-07 08:00:00,-416.335,-288.6248313112314
2014-01-07 09:00:00,-650.167,-428.1222219083815
2014-01-07 10:00:00,-786.0,-892.4149021383954
2014-01-07 11:00:00,-895.115,-1087.6293315390883
2014-01-07 12:00:00,-1143.18,-1020.7281767189659
2014-01-07 13:00:00,-1411.666,-1264.3089334864826
2014-01-07 14:00:00,-1273.891,-1548.3800037229112
2014-01-07 15:00:00,-1187.465,-1263.627660848895
2014-01-07 16:00:00,-822.271,-1112.9908585512205
2014-01-07 17:00:00,-721.39,-635.597842927164
2014-01-07 18:00:00,-624.365,-640.8225551099692
2014-01-07 19:00:00,-374.11,-638.6736683771665
2014-01-07 20:00:00,-339.061,-628.2449798551321
2014-01-07 21:00:00,-378.53,-484.2399729056759
2014-01-07 22:00:00,-457.652,-356.3675408946363
2014-01-07 23:00:00,-417.75,-2300.357832413177
2014-01-08 00:00:00,-84.174,-299.4578036556153
2014-01-08 01:00:00,-104.712,-79.77637557513322
2014-01-08 02:00:00,-61.319,-103.46454006140819
2014-01-08 03:00:00,-63.052,-83.13472408931172
2014-01-08 04:00:00,-110.369,-49.15567526968818
2014-01-08 05:00:00,-168.039,-70.81761273989414
2014-01-08 06:00:00,-190.286,-163.36181919824003
2014-01-08 07:00:00,-138.855,-163.0875508512387
2014-01-08 08:00:00,-75.28999999999999,-107.8984130811501
2014-01-08 09:00:00,-213.207,-90.36401138340011
2014-01-08 10:00:00,-283.936,-306.257309788802
2014-01-08 11:00:00,-288.862,-293.2144536137804
2014-01-08 12:00:00,-366.456,-327.8000627439319
2014-01-08 13:00:00,-497.775,-413.94569709879283
2014-01-08 14:00:00,-662.017,-529.1102254387016
2014-01-08 15:00:00,-689.225,-828.1534078503998
2014-01-08 16:00:00,-697.254,-710.2489835995451
2014-01-08 17:00:00,-781.394,-642.997674801607
2014-01-08 18:00:00,-805.387,-789.0102377009836
2014-01-08 19:00:00,-894.465,-806.6929226461992
2014-01-08 20:00:00,-1220.215,-988.8123834147993
2014-01-08 21:00:00,-1344.598,-1411.6251467150973
2014-01-08 22:00:00,-1333.321,-1516.382950904988
2014-01-08 23:00:00,-841.888,-2257.4379671226043
2014-01-09 00:00:00,-972.786,-684.7385438021827
2014-01-09 01:00:00,-911.919,-888.913109687631
2014-01-09 02:00:00,-922.133,-962.4410148895702
2014-01-09 03:00:00,-1003.347,-877.0880145662875
2014-01-09 04:00:00,-906.035,-1196.5401288027479
2014-01-09 05:00:00,-764.415,-877.2691377231328
2014-01-09 06:00:00,-580.105,-641.2621370226454
2014-01-09 07:00:00,-493.64300000000003,-513.0738629459794
2014-01-09 08:00:00,-461.141,-405.70111051570694
2014-01-09 09:00:00,-473.149,-502.4397376892452
2014-01-09 10:00:00,-443.873,-475.51195153711717
2014-01-09 11:00:00,-362.6,-509.18227974600376
2014-01-09 12:00:00,-388.294,-385.9830732989561
2014-01-09 13:00:00,-388.198,-394.0180044313818
2014-01-09 14:00:00,-434.47,-403.2078323793535
2014-01-09 15:00:00,-555.997,-444.78850027787144
2014-01-09 16:00:00,-570.412,-618.0719526580805
2014-01-09 17:00:00,-462.403,-580.5680955556218
2014-01-09 18:00:00,-471.651,-467.98462438960104
2014-01-09 19:00:00,-618.05,-530.409443017993
2014-01-09 20:00:00,-674.793,-815.3080116790824
2014-01-09 21:00:00,-771.75,-858.7633022872241
2014-01-09 22:00:00,-818.559,-787.6169845701484
2014-01-09 23:00:00,-182.812,-2223.426651855884
2014-01-10 00:00:00,-198.488,-73.9478902977037
2014-01-10 01:00:00,-118.237,-140.0283752107605
2014-01-10 02:00:00,-90.472,-138.15354169785041
2014-01-10 03:00:00,-59.903999999999996,-94.10085928176878
2014-01-10 04:00:00,-77.773,-95.07619339196194
2014-01-10 05:00:00,-50.359,-88.78632760369861
2014-01-10 06:00:00,-9.394,-43.59543563749605
2014-01-10 07:00:00,-1.5619999999999994,50.5266087457351
2014-01-10 08:00:00,-6.004,-11.726488635322584
2014-01-10 09:00:00,-5.25,-69.60811625999328
2014-01-10 10:00:00,3.1879999999999997,-94.79623412072024
2014-01-10 11:00:00,15.771999999999998,-157.9839027512004
2014-01-10 12:00:00,0.5630000000000006,-26.29736642536361
2014-01-10 13:00:00,-3.8640000000000008,-47.81112845169462
2014-01-10 14:00:00,-11.652,-44.17130060265144
2014-01-10 15:00:00,-16.779,-47.074304552207664
2014-01-10 16:00:00,-6.771,-74.4433138440508
2014-01-10 17:00:00,12.861,-46.318770285885535
2014-01-10 18:00:00,14.333,-2.56921892425106
2014-01-10 19:00:00,10.191,-116.6193852401197
2014-01-10 20:00:00,-6.637,-132.76245384842545
2014-01-10 21:00:00,-22.203,-95.62842054715773
2014-01-10 22:00:00,-31.5,83.999866767255
2014-01-10 23:00:00,-1116.979,-1586.6290140487608
2014-01-11 00:00:00,-844.413,-1147.387706790779
2014-01-11 01:00:00,-804.255,-941.0989206282364
2014-01-11 02:00:00,-702.123,-695.6771104912284
2014-01-11 03:00:00,-647.068,-594.5435062289575
2014-01-11 04:00:00,-620.364,-590.3618800326773
2014-01-11 05:00:00,-615.732,-580.4513998340449
2014-01-11 06:00:00,-667.436,-608.3989350518895
2014-01-11 07:00:00,-580.34,-595.8279119089802
2014-01-11 08:00:00,-418.013,-596.979425724599
2014-01-11 09:00:00,-234.093,-486.74852669316243
2014-01-11 10:00:00,-133.303,-254.68388073286724
2014-01-11 11:00:00,-139.632,-153.8467266956938
2014-01-11 12:00:00,-139.63,-130.9463346351587
2014-01-11 13:00:00,-86.782,-146.07552041907235
2014-01-11 14:00:00,-121.282,-106.62600834744907
2014-01-11 15:00:00,-385.023,-139.94832500048727
2014-01-11 16:00:00,-793.676,-507.0889238140408
2014-01-11 17:00:00,-1272.854,-1054.397822500914
2014-01-11 18:00:00,-1720.297,-1572.3003046606216
2014-01-11 19:00:00,-1813.658,-2105.966785355976
2014-01-11 20:00:00,-1686.508,-1857.847571299948
2014-01-11 21:00:00,-1804.45,-1595.143429613805
2014-01-11 22:00:00,-1899.622,-1652.7281969082178
2014-01-11 23:00:00,-4640.436,-2717.1359420363137
2014-01-12 00:00:00,-5227.102,-4930.220133160225
2014-01-12 01:00:00,-5570.353,-5612.322871072109
2014-01-12 02:00:00,-5953.786,-5807.52112865603
2014-01-12 03:00:00,-6190.29,-6007.732623329643
2014-01-12 04:00:00,-6435.754,-6200.596280769012
2014-01-12 05:00:00,-6039.625,-6435.259439151758
2014-01-12 06:00:00,-5978.237,-5822.758957721941
2014-01-12 07:00:00,-6217.703,-5734.448536400442
2014-01-12 08:00:00,-6289.624,-6204.931722763187
2014-01-12 09:00:00,-6154.957,-6091.716092767983
2014-01-12 10:00:00,-6366.707,-5957.2230791177835
2014-01-12 11:00:00,-6288.916,-6231.709457560701
2014-01-12 12:00:00,-5975.617,-5961.906250223843
2014-01-12 13:00:00,-5783.829,-5520.443707365221
2014-01-12 14:00:00,-5496.749,-5538.916687176913
2014-01-12 15:00:00,-5535.765,-5456.479082907311
2014-01-12 16:00:00,-5843.472,-5505.513624797776
2014-01-12 17:00:00,-5728.375,-5983.144310755666
2014-01-12 18:00:00,-5219.056,-5639.920115477035
2014-01-12 19:00:00,-4826.676,-5222.450558506251
2014-01-12 20:00:00,-4843.767,-4713.832530698063
2014-01-12 21:00:00,-4428.996,-4757.104491164949
2014-01-12 22:00:00,-4096.32,-4094.963604729791
2014-01-12 23:00:00,-811.614,-1933.3026587015104
2014-01-13 00:00:00,-764.75,-787.6188546502918
2014-01-13 01:00:00,-473.26,-826.5796034703801
2014-01-13 02:00:00,-456.359,-442.5943632235465
2014-01-13 03:00:00,-488.033,-393.2578466177773
2014-01-13 04:00:00,-761.145,-469.8391514038403
2014-01-13 05:00:00,-1465.668,-941.2422931156601
2014-01-13 06:00:00,-2204.933,-1824.6069766354215
2014-01-13 07:00:00,-2564.903,-2551.142966907384
2014-01-13 08:00:00,-2908.919,-2850.904955333738
2014-01-13 09:00:00,-2688.901,-3411.929609015862
2014-01-13 10:00:00,-2660.75,-2656.6114840146997
2014-01-13 11:00:00,-2276.024,-2711.6917962122307
2014-01-13 12:00:00,-2083.135,-2045.3281788465558
2014-01-13 13:00:00,-1640.501,-1992.0290350094117
2014-01-13 14:00:00,-1580.689,-1456.591961476921
2014-01-13 15:00:00,-1527.941,-1490.5744488170988
2014-01-13 16:00:00,-1585.25,-1415.4649381872298
2014-01-13 17:00:00,-1428.115,-1580.6062353431944
2014-01-13 18:00:00,-1330.19,-1272.501331732214
2014-01-13 19:00:00,-1144.732,-1374.3212819668452
2014-01-13 20:00:00,-837.903,-1039.5645247058906
2014-01-13 21:00:00,-691.849,-874.0247221630433
2014-01-13 22:00:00,-489.027,-759.1350260766587
2014-01-13 23:00:00,-237.585,-1625.652088145074
2014-01-14 00:00:00,-170.973,-256.105843869505
2014-01-14 01:00:00,-147.112,-156.5528545229835
2014-01-14 02:00:00,-167.763,-70.71536564886901
2014-01-14 03:00:00,-156.953,-163.6353726466824
2014-01-14 04:00:00,-146.879,-144.73843395580158
2014-01-14 05:00:00,-141.467,-124.27935849715864
2014-01-14 06:00:00,-72.856,-47.54341305470839
2014-01-14 07:00:00,-69.539,-62.6491634254739
2014-01-14 08:00:00,-95.59,-93.09127216911148
2014-01-14 09:00:00,-86.655,-123.30936930536369
2014-01-14 10:00:00,-73.1,-125.4787656390355
2014-01-14 11:00:00,-21.333,-101.1222694796761
2014-01-14 12:00:00,-11.646,-68.97455593015192
2014-01-14 13:00:00,2.4639999999999986,-90.77308847775255
2014-01-14 14:00:00,-0.03399999999999892,-56.73084206858709
2014-01-14 15:00:00,-57.696,-55.55824379203384
2014-01-14 16:00:00,-147.736,-128.6758949096567
2014-01-14 17:00:00,-220.483,-83.61052277937327
2014-01-14 18:00:00,-225.514,-326.3531768944109
2014-01-14 19:00:00,-240.727,-332.2704967563838
2014-01-14 20:00:00,-181.135,-309.9153047181558
2014-01-14 21:00:00,-158.202,-238.43998284399208
2014-01-14 22:00:00,-87.773,-178.95626496811408
2014-01-14 23:00:00,-536.892,-1059.5305317964087
2014-01-15 00:00:00,-17.573999999999998,-458.2995464777114
2014-01-15 01:00:00,-55.458,-100.4954874905395
2014-01-15 02:00:00,-91.4,-76.35196006233886
2014-01-15 03:00:00,-140.06,-127.94280031993796
2014-01-15 04:00:00,-145.388,-128.87295542401202
2014-01-15 05:00:00,-96.187,-92.89526963148053
2014-01-15 06:00:00,-104.40899999999999,-87.20110788093311
2014-01-15 07:00:00,-94.937,-76.59297347699972
2014-01-15 08:00:00,-147.41,-91.16676306371771
2014-01-15 09:00:00,-227.888,-160.83422180263085
2014-01-15 10:00:00,-170.696,-332.18214647345496
2014-01-15 11:00:00,-160.097,-162.18697472124413
2014-01-15 12:00:00,-192.802,-179.22364531195268
2014-01-15 13:00:00,-244.5,-170.21408033891277
2014-01-15 14:00:00,-272.329,-252.28874933443498
2014-01-15 15:00:00,-310.192,-306.8215213433613
2014-01-15 16:00:00,-526.25,-335.9600753453054
2014-01-15 17:00:00,-819.414,-684.9585214718577
2014-01-15 18:00:00,-1183.134,-1430.8395706256856
2014-01-15 19:00:00,-1325.477,-1820.0348838317925
2014-01-15 20:00:00,-1602.165,-1750.143797262652
2014-01-15 21:00:00,-1719.596,-1770.388396353629
2014-01-15 22:00:00,-1861.669,-1590.7279437304796
2014-01-15 23:00:00,-2274.0,-2657.777421891379
2014-01-16 00:00:00,-2363.934,-2294.061639204127
2014-01-16 01:00:00,-2675.631,-2708.4411665995476
2014-01-16 02:00:00,-2987.794,-2763.921276841433
2014-01-16 03:00:00,-2870.41,-3195.1341556784505
2014-01-16 04:00:00,-2967.843,-2614.4391110358756
2014-01-16 05:00:00,-2858.7,-3195.899608584458
2014-01-16 06:00:00,-2663.881,-2684.6023315411708
2014-01-16 07:00:00,-2695.113,-2514.982804387792
2014-01-16 08:00:00,-2828.743,-2813.5274210391126
2014-01-16 09:00:00,-2822.987,-3024.3186541791456
2014-01-16 10:00:00,-2671.73,-2914.812066709078
2014-01-16 11:00:00,-2493.664,-2610.983352252437
2014-01-16 12:00:00,-2372.893,-2154.1236138052363
2014-01-16 13:00:00,-2262.683,-2189.899790080593
2014-01-16 14:00:00,-2508.647,-2172.6462735991045
2014-01-16 15:00:00,-2918.489,-2564.5548230661475
2014-01-16 16:00:00,-2990.036,-3345.6420218609014
2014-01-16 17:00:00,-2674.391,-3048.485061922952
2014-01-16 18:00:00,-2824.766,-2446.358535138308
2014-01-16 19:00:00,-3233.016,-2831.4471311679795
2014-01-16 20:00:00,-3481.559,-3350.762134979188
2014-01-16 21:00:00,-3129.53,-3826.7457318741385
2014-01-16 22:00:00,-2724.055,-3003.4805324679514
2014-01-16 23:00:00,-2108.772,-2270.671403276669
2014-01-17 00:00:00,-2097.743,-1704.3650435848056
2014-01-17 01:00:00,-1624.06,-1936.7253116566123
2014-01-17 02:00:00,-1640.502,-1538.658096097885
2014-01-17 03:00:00,-1694.314,-1696.3492414289935
2014-01-17 04:00:00,-1960.679,-1684.9110290834537
2014-01-17 05:00:00,-1746.199,-2073.323544412839
2014-01-17 06:00:00,-1592.312,-1565.7353550730902
2014-01-17 07:00:00,-1635.188,-1457.098867481924
2014-01-17 08:00:00,-1613.105,-1689.7190894325508
2014-01-17 09:00:00,-1516.688,-1713.7184073163116
2014-01-17 10:00:00,-1401.933,-1590.264001061093
2014-01-17 11:00:00,-974.68,-1481.7858407464084
2014-01-17 12:00:00,-701.024,-811.6032847030974
2014-01-17 13:00:00,-581.821,-664.4313450149989
2014-01-17 14:00:00,-627.178,-610.1350081376166
2014-01-17 15:00:00,-805.623,-661.5279025086827
2014-01-17 16:00:00,-1221.152,-991.2073526793397
2014-01-17 17:00:00,-1592.833,-1548.2356406829786
2014-01-17 18:00:00,-1711.142,-1799.4838975869407
2014-01-17 19:00:00,-1662.346,-1835.6139554800045
2014-01-17 20:00:00,-1675.034,-1743.8413019816835
2014-01-17 21:00:00,-1762.696,-1689.2369325631912
2014-01-17 22:00:00,-1677.101,-1901.9922097979832
2014-01-17 23:00:00,-2280.649,-1688.2626868256207
2014-01-18 00:00:00,-1405.053,-2331.8111623254845
2014-01-18 01:00:00,-1252.84,-1451.3072011025995
2014-01-18 02:00:00,-1244.107,-1239.7929632452117
2014-01-18 03:00:00,-1412.042,-1155.7481538262607
2014-01-18 04:00:00,-1359.833,-1581.9735736141474
2014-01-18 05:00:00,-1450.519,-1355.1498849591887
2014-01-18 06:00:00,-1589.427,-1475.9979597661068
2014-01-18 07:00:00,-1686.404,-1628.1923715482883
2014-01-18 08:00:00,-1744.972,-1691.640212646904
2014-01-18 09:00:00,-1491.814,-1888.598381183843
2014-01-18 10:00:00,-1244.665,-1444.6386129566586
2014-01-18 11:00:00,-997.38,-1171.894637280122
2014-01-18 12:00:00,-969.343,-985.2101367093503
2014-01-18 13:00:00,-1168.032,-933.7551333506774
2014-01-18 14:00:00,-1786.448,-1280.3057408266857
2014-01-18 15:00:00,-2577.291,-2192.139581168059
2014-01-18 16:00:00,-3305.274,-3015.4420393622663
2014-01-18 17:00:00,-3831.606,-3731.4197282542377
2014-01-18 18:00:00,-4227.487,-4072.5734431662213
2014-01-18 19:00:00,-4480.535,-4477.863648795694
2014-01-18 20:00:00,-4891.862,-4718.490323676815
2014-01-18 21:00:00,-5463.25,-5165.108208532717
2014-01-18 22:00:00,-5062.0,-5378.711922413498
2014-01-18 23:00:00,-4601.131,-3956.170908536184
2014-01-19 00:00:00,-5317.709,-4888.375499538921
2014-01-19 01:00:00,-5296.93,-5517.48751695119
2014-01-19 02:00:00,-5374.023,-5381.630828867357
2014-01-19 03:00:00,-5643.517,-5328.51394444012
2014-01-19 04:00:00,-5492.929,-5653.991951995701
2014-01-19 05:00:00,-5643.653,-5679.439440514803
2014-01-19 06:00:00,-5870.933,-5824.012590788413
2014-01-19 07:00:00,-6390.995,-6016.5055282719095
2014-01-19 08:00:00,-6392.031,-6775.107720673353
2014-01-19 09:00:00,-6219.122,-6482.193469963907
2014-01-19 10:00:00,-5985.25,-6010.540783042554
2014-01-19 11:00:00,-5659.449,-5805.586724196889
2014-01-19 12:00:00,-5270.567,-5363.838603602785
2014-01-19 13:00:00,-5079.086,-4990.661676604966
2014-01-19 14:00:00,-4953.652,-4899.4889603687825
2014-01-19 15:00:00,-4860.891,-4872.306238424975
2014-01-19 16:00:00,-4982.931,-4834.965560831412
2014-01-19 17:00:00,-4712.849,-4771.629344804585
2014-01-19 18:00:00,-4436.854,-4375.420784856604
2014-01-19 19:00:00,-4059.004,-4089.305560515178
2014-01-19 20:00:00,-3888.418,-3735.683471834546
2014-01-19 21:00:00,-3621.458,-3750.7750251948232
2014-01-19 22:00:00,-3421.641,-3328.7766636923275
2014-01-19 23:00:00,-2360.404,-3237.9694849850925
2014-01-20 00:00:00,-2742.285,-2310.371186392123
2014-01-20 01:00:00,-2586.402,-2814.1218041650436
2014-01-20 02:00:00,-2465.217,-2618.353367734128
2014-01-20 03:00:00,-2229.381,-2368.4476120118707
2014-01-20 04:00:00,-2122.01,-2076.2550810938865
2014-01-20 05:00:00,-2102.658,-2083.6823760467464
2014-01-20 06:00:00,-2116.528,-2024.5126007297736
2014-01-20 07:00:00,-2014.3,-2052.0604531582003
2014-01-20 08:00:00,-1886.266,-1962.6579851831711
2014-01-20 09:00:00,-1814.75,-1946.8854260226485
2014-01-20 10:00:00,-1650.237,-1970.8948662073024
2014-01-20 11:00:00,-1499.44,-1753.2570715999425
2014-01-20 12:00:00,-1354.942,-1398.6443587310623
2014-01-20 13:00:00,-1377.245,-1293.650840525395
2014-01-20 14:00:00,-1321.165,-1457.3339509498524
2014-01-20 15:00:00,-1239.25,-1309.6698144561765
2014-01-20 16:00:00,-975.37,-1172.5238836628512
2014-01-20 17:00:00,-920.684,-713.5277787162486
2014-01-20 18:00:00,-757.375,-851.7545257821123
2014-01-20 19:00:00,-615.127,-775.574614406145
2014-01-20 20:00:00,-469.105,-646.6717975033511
2014-01-20 21:00:00,-398.034,-525.6905899886018
2014-01-20 22:00:00,-346.284,-352.7175864151734
2014-01-20 23:00:00,-301.209,-1624.1351795282524
2014-01-21 00:00:00,-302.986,-163.56347649474142
2014-01-21 01:00:00,-238.617,-310.41812246534647
2014-01-21 02:00:00,-188.848,-217.26898520603496
2014-01-21 03:00:00,-187.667,-209.4517855913811
2014-01-21 04:00:00,-182.061,-190.1593242893287
2014-01-21 05:00:00,-156.8,-171.59687149250487
2014-01-21 06:00:00,-155.74099999999999,-168.94294369677303
2014-01-21 07:00:00,-150.684,-137.8176522871254
2014-01-21 08:00:00,-127.089,-121.46188157849518
2014-01-21 09:00:00,-105.388,-126.1226786255076
2014-01-21 10:00:00,-99.879,-154.3001095925961
2014-01-21 11:00:00,-93.492,-128.30050949035947
2014-01-21 12:00:00,-79.35,-80.43252938160826
2014-01-21 13:00:00,-89.027,-41.32352592249904
2014-01-21 14:00:00,-136.079,-186.75593695058913
2014-01-21 15:00:00,-165.0,-144.38250022308273
2014-01-21 16:00:00,-147.695,-161.88737546053974
2014-01-21 17:00:00,-153.153,-113.04916616082234
2014-01-21 18:00:00,-147.28,-142.36032923632166
2014-01-21 19:00:00,-156.952,-184.35253020924767
2014-01-21 20:00:00,-193.692,-204.39754429938566
2014-01-21 21:00:00,-199.656,-216.3646148617073
2014-01-21 22:00:00,-221.41,-242.07550276109288
2014-01-21 23:00:00,-297.637,-1942.7936351957646
2014-01-22 00:00:00,-247.37,-183.43885984744205
2014-01-22 01:00:00,-297.683,-235.91051549801207
2014-01-22 02:00:00,-344.2,-258.3630284715467
2014-01-22 03:00:00,-391.849,-331.0428627555721
2014-01-22 04:00:00,-463.323,-414.8077176232299
2014-01-22 05:00:00,-538.5,-405.4521121739215
2014-01-22 06:00:00,-581.895,-435.9836590323423
2014-01-22 07:00:00,-593.455,-575.7613835714516
2014-01-22 08:00:00,-708.382,-630.1643624253643
2014-01-22 09:00:00,-745.75,-821.153470409758
2014-01-22 10:00:00,-711.907,-836.4576637485121
2014-01-22 11:00:00,-588.948,-749.8581358949663
2014-01-22 12:00:00,-487.88,-617.9727367487415
2014-01-22 13:00:00,-465.819,-458.8432374574753
2014-01-22 14:00:00,-433.543,-465.8129768478409
2014-01-22 15:00:00,-528.173,-469.08406878421187
2014-01-22 16:00:00,-654.865,-531.1453628709892
2014-01-22 17:00:00,-783.5,-776.6290604089759
2014-01-22 18:00:00,-700.367,-976.9441442633927
2014-01-22 19:00:00,-637.103,-1000.8228302503198
2014-01-22 20:00:00,-555.644,-611.2860045706126
2014-01-22 21:00:00,-558.144,-570.8634485842157
2014-01-22 22:00:00,-558.517,28.36380036198115
2014-01-22 23:00:00,-938.121,-2600.3995239877772
2014-01-23 00:00:00,-565.277,-830.6728641072459
2014-01-23 01:00:00,-577.576,-490.18197283075307
2014-01-23 02:00:00,-570.014,-574.1126681893961
2014-01-23 03:00:00,-614.181,-528.0809833703983
2014-01-23 04:00:00,-663.944,-640.8635079728124
2014-01-23 05:00:00,-766.193,-649.4466090751873
2014-01-23 06:00:00,-873.134,-736.3879991446688
2014-01-23 07:00:00,-942.107,-902.6543934663509
2014-01-23 08:00:00,-892.628,-1042.114962213725
2014-01-23 09:00:00,-834.862,-971.6662927066594
2014-01-23 10:00:00,-784.214,-881.3480507363263
2014-01-23 11:00:00,-868.737,-765.0348754715745
2014-01-23 12:00:00,-930.105,-911.6611042891409
2014-01-23 13:00:00,-1082.912,-1039.8530005412179
2014-01-23 14:00:00,-1080.578,-1237.9405588867935
2014-01-23 15:00:00,-1254.885,-1090.2244236398828
2014-01-23 16:00:00,-1573.502,-1353.363338980631
2014-01-23 17:00:00,-1850.905,-1590.3657419736512
2014-01-23 18:00:00,-1986.28,-1881.3832891225532
2014-01-23 19:00:00,-2024.43,-2110.459904550163
2014-01-23 20:00:00,-2058.748,-1941.4878411674931
2014-01-23 21:00:00,-1972.485,-1999.935945435043
2014-01-23 22:00:00,-1923.275,-1797.1510631078897
2014-01-23 23:00:00,-1821.236,-2569.249218033843
2014-01-24 00:00:00,-1900.031,-1530.2742694854824
2014-01-24 01:00:00,-1817.234,-1871.652722467858
2014-01-24 02:00:00,-1695.25,-1787.5943033292629
2014-01-24 03:00:00,-1620.218,-1667.6232923531372
2014-01-24 04:00:00,-1759.612,-1516.605754867252
2014-01-24 05:00:00,-1800.762,-1716.936829094038
2014-01-24 06:00:00,-1837.487,-1545.390291860575
2014-01-24 07:00:00,-1776.959,-1708.6246709188238
2014-01-24 08:00:00,-1774.105,-1719.9668599166093
2014-01-24 09:00:00,-1598.203,-1902.404626046186
2014-01-24 10:00:00,-1558.692,-1529.3363203291015
2014-01-24 11:00:00,-1487.859,-1513.713727942136
2014-01-24 12:00:00,-1338.337,-1346.3019002284934
2014-01-24 13:00:00,-1331.195,-1296.387102022044
2014-01-24 14:00:00,-1213.633,-1386.6499094072033
2014-01-24 15:00:00,-1282.851,-1115.4365164067292
2014-01-24 16:00:00,-1521.235,-1288.2657039121962
2014-01-24 17:00:00,-1724.946,-1639.3743788016145
2014-01-24 18:00:00,-1680.117,-1789.2676148559854
2014-01-24 19:00:00,-1688.099,-1689.7884548077536
2014-01-24 20:00:00,-1625.709,-1695.5657691556753
2014-01-24 21:00:00,-1603.0,-1666.7086704237206
2014-01-24 22:00:00,-1572.628,-1597.454452962983
2014-01-24 23:00:00,-1583.587,-1521.0813204250928
2014-01-25 00:00:00,-1241.863,-1456.6671520022737
2014-01-25 01:00:00,-1149.674,-1175.1848776928407
2014-01-25 02:00:00,-894.117,-1123.554955380487
2014-01-25 03:00:00,-746.519,-784.3743370070094
2014-01-25 04:00:00,-908.223,-710.2772552437567
2014-01-25 05:00:00,-1118.727,-1125.1743308106918
2014-01-25 06:00:00,-1393.054,-1181.7478641632588
2014-01-25 07:00:00,-1533.623,-1539.5414810047703
2014-01-25 08:00:00,-1421.771,-1622.4160489957892
2014-01-25 09:00:00,-838.2,-1501.5627757480463
2014-01-25 10:00:00,-400.75,-806.4756695086363
2014-01-25 11:00:00,-342.17,-318.6758994667957
2014-01-25 12:00:00,-354.652,-309.63618643643446
2014-01-25 13:00:00,-421.955,-371.82963947541083
2014-01-25 14:00:00,-424.602,-404.36421089019126
2014-01-25 15:00:00,-561.692,-403.16444934764144
2014-01-25 16:00:00,-1114.5,-641.8008736578167
2014-01-25 17:00:00,-1939.041,-1454.4494077214724
2014-01-25 18:00:00,-2401.51,-2209.400513638706
2014-01-25 19:00:00,-2324.933,-2721.100594623397
2014-01-25 20:00:00,-1982.754,-2170.264973973647
2014-01-25 21:00:00,-2301.387,-1944.942451265806
2014-01-25 22:00:00,-2758.794,-2570.7228317376857
2014-01-25 23:00:00,-2427.853,-2666.3111072133643
2014-01-26 00:00:00,-2235.485,-2440.561741877604
2014-01-26 01:00:00,-1961.905,-2043.2184394133492
2014-01-26 02:00:00,-2093.588,-1834.6462650372966
2014-01-26 03:00:00,-1926.936,-2166.0348899261853
2014-01-26 04:00:00,-1998.1,-1895.804848410078
2014-01-26 05:00:00,-1725.942,-2067.169779272741
2014-01-26 06:00:00,-1409.196,-1551.9561439108975
2014-01-26 07:00:00,-1153.439,-1285.0801862964781
2014-01-26 08:00:00,-855.052,-1083.0304076807167
2014-01-26 09:00:00,-632.525,-770.3407005485311
2014-01-26 10:00:00,-418.302,-642.7651583906552
2014-01-26 11:00:00,-429.904,-396.1622674286526
2014-01-26 12:00:00,-608.491,-443.4313245633831
2014-01-26 13:00:00,-742.642,-663.1699805784012
2014-01-26 14:00:00,-875.838,-881.01244422856
2014-01-26 15:00:00,-1114.769,-997.3221249080995
2014-01-26 16:00:00,-1538.981,-1306.8203811958115
2014-01-26 17:00:00,-1992.378,-1713.7922367974147
2014-01-26 18:00:00,-2178.897,-2372.394778620838
2014-01-26 19:00:00,-2448.388,-2282.507952142887
2014-01-26 20:00:00,-2487.068,-2579.373626783581
2014-01-26 21:00:00,-2678.961,-2329.068193914266
2014-01-26 22:00:00,-2770.759,-2612.604969157851
2014-01-26 23:00:00,-2494.236,-2815.440829402084
2014-01-27 00:00:00,-3295.172,-2346.1975464902143
2014-01-27 01:00:00,-3689.821,-3300.002618961901
2014-01-27 02:00:00,-4242.058,-3816.5582920204656
2014-01-27 03:00:00,-4420.154,-4676.259714443139
2014-01-27 04:00:00,-4510.923,-4694.804952915177
2014-01-27 05:00:00,-4262.25,-4524.795596036884
2014-01-27 06:00:00,-4004.12,-4007.4145358198016
2014-01-27 07:00:00,-3790.237,-3727.1612946368095
2014-01-27 08:00:00,-3297.664,-3528.5466193446
2014-01-27 09:00:00,-2821.686,-3153.404633817239
2014-01-27 10:00:00,-2373.038,-2598.191171932009
2014-01-27 11:00:00,-1860.17,-2188.1940801413202
2014-01-27 12:00:00,-1375.162,-1554.2092597405976
2014-01-27 13:00:00,-1170.921,-1289.0737269039198
2014-01-27 14:00:00,-932.621,-1139.1592219740019
2014-01-27 15:00:00,-947.763,-877.0057923840594
2014-01-27 16:00:00,-891.066,-978.9702576374938
2014-01-27 17:00:00,-960.425,-846.2064623694899
2014-01-27 18:00:00,-1064.67,-1013.4807425017107
2014-01-27 19:00:00,-1388.024,-1168.1915004820619
2014-01-27 20:00:00,-1577.517,-1689.3756135123713
2014-01-27 21:00:00,-1501.5,-1722.1387797221357
2014-01-27 22:00:00,-1374.845,-1317.2325824357565
2014-01-27 23:00:00,-1453.692,-1296.8004668033986
2014-01-28 00:00:00,-1276.131,-1444.234353780007
2014-01-28 01:00:00,-1527.209,-1192.959787687515
2014-01-28 02:00:00,-1712.334,-1685.2869655211896
2014-01-28 03:00:00,-1546.802,-1860.993908556745
2014-01-28 04:00:00,-1412.0,-1466.9159429590018
2014-01-28 05:00:00,-1568.782,-1345.0873293536645
2014-01-28 06:00:00,-1511.023,-1629.9384657974483
2014-01-28 07:00:00,-1547.086,-1418.959385602338
2014-01-28 08:00:00,-1541.25,-1551.364974415358
2014-01-28 09:00:00,-1139.518,-1631.053875812725
2014-01-28 10:00:00,-1032.704,-993.4762723423727
2014-01-28 11:00:00,-894.643,-996.9385850513632
2014-01-28 12:00:00,-962.765,-744.9226473139499
2014-01-28 13:00:00,-878.194,-924.7764602834975
2014-01-28 14:00:00,-977.79,-941.8117839968195
2014-01-28 15:00:00,-1383.25,-1016.6627633032546
2014-01-28 16:00:00,-2052.598,-1593.7511997183435
2014-01-28 17:00:00,-2327.713,-2344.383875300633
2014-01-28 18:00:00,-2176.688,-2358.54880507366
2014-01-28 19:00:00,-2369.898,-2026.9008640018112
2014-01-28 20:00:00,-2279.244,-2532.2305789822008
2014-01-28 21:00:00,-2153.75,-2144.3522934954776
2014-01-28 22:00:00,-2008.324,-2176.143783486454
2014-01-28 23:00:00,-2420.235,-1768.8336276257517
2014-01-29 00:00:00,-2192.629,-2513.9799457400673
2014-01-29 01:00:00,-2387.959,-2109.7233793498217
2014-01-29 02:00:00,-2561.603,-2555.125142440716
2014-01-29 03:00:00,-2734.689,-2786.0646769218956
2014-01-29 04:00:00,-2918.783,-2923.24405080357
2014-01-29 05:00:00,-3047.618,-3082.183737021636
2014-01-29 06:00:00,-3113.226,-2940.705838675293
2014-01-29 07:00:00,-2842.215,-3133.1014687217407
2014-01-29 08:00:00,-2620.732,-2713.3667937184837
2014-01-29 09:00:00,-2684.75,-2762.8398635678273
2014-01-29 10:00:00,-2750.155,-2836.0205023536446
2014-01-29 11:00:00,-2786.596,-2717.5304211443663
2014-01-29 12:00:00,-2872.669,-2721.4396925695
2014-01-29 13:00:00,-3003.816,-2861.1023585082935
2014-01-29 14:00:00,-3063.0,-3066.901351226964
2014-01-29 15:00:00,-3086.116,-3085.776228939665
2014-01-29 16:00:00,-2957.702,-3047.235602024974
2014-01-29 17:00:00,-2927.563,-2866.6189419540024
2014-01-29 18:00:00,-2932.315,-2726.2863336610008
2014-01-29 19:00:00,-2914.427,-3011.4772853927548
2014-01-29 20:00:00,-3027.93,-2929.355091416655
2014-01-29 21:00:00,-3063.982,-2993.5196213538
2014-01-29 22:00:00,-3236.741,-3145.546284037875
2014-01-29 23:00:00,-3371.996,-2245.2224315968742
2014-01-30 00:00:00,-3399.316,-3575.3741168155634
2014-01-30 01:00:00,-3291.681,-3317.5254014719585
2014-01-30 02:00:00,-3254.602,-3160.16747616623
2014-01-30 03:00:00,-3207.701,-3269.755033460319
2014-01-30 04:00:00,-2975.137,-3104.909356882352
2014-01-30 05:00:00,-2865.213,-2821.091334096158
2014-01-30 06:00:00,-2795.838,-2681.247150266677
2014-01-30 07:00:00,-2722.738,-2729.6781160014857
2014-01-30 08:00:00,-2657.002,-2708.7848836030566
2014-01-30 09:00:00,-2602.378,-2777.7964965484794
2014-01-30 10:00:00,-2556.5,-2756.635183104424
2014-01-30 11:00:00,-2509.464,-2682.419508745367
2014-01-30 12:00:00,-2548.949,-2289.721217107992
2014-01-30 13:00:00,-2854.247,-2684.3455198555994
2014-01-30 14:00:00,-2963.314,-3066.424070807194
2014-01-30 15:00:00,-3043.5,-3095.4430265251767
2014-01-30 16:00:00,-3226.967,-2966.8685683484996
2014-01-30 17:00:00,-3929.231,-3174.0868217338752
2014-01-30 18:00:00,-4328.594,-4485.7942255629305
2014-01-30 19:00:00,-4457.706,-4497.16880083499
2014-01-30 20:00:00,-4025.934,-4443.345723994958
2014-01-30 21:00:00,-3532.75,-3746.1321369006164
2014-01-30 22:00:00,-3387.75,-3261.768668566865
2014-01-30 23:00:00,-3076.598,-3107.498122053749
2014-01-31 00:00:00,-2855.188,-3132.71358387998
2014-01-31 01:00:00,-2770.725,-2613.020933527396
2014-01-31 02:00:00,-2683.656,-2706.8531149534538
2014-01-31 03:00:00,-2605.787,-2629.388971899526
2014-01-31 04:00:00,-2354.1,-2610.7524676919807
2014-01-31 05:00:00,-1951.439,-2239.3464360049516
2014-01-31 06:00:00,-1788.989,-1599.9872204528774
2014-01-31 07:00:00,-1866.877,-1612.843693723382
2014-01-31 08:00:00,-1791.307,-1793.1281800116121
2014-01-31 09:00:00,-1527.771,-1817.505923666843
2014-01-31 10:00:00,-1164.5,-1476.5623704156244
2014-01-31 11:00:00,-917.746,-1076.1892408155738
2014-01-31 12:00:00,-856.271,-785.7274848898372
2014-01-31 13:00:00,-770.627,-811.312030180823
2014-01-31 14:00:00,-753.183,-774.4718224778298
2014-01-31 15:00:00,-837.455,-747.8980599670949
2014-01-31 16:00:00,-1263.72,-967.8970470807451
2014-01-31 17:00:00,-1812.75,-1391.5542205193158
2014-01-31 18:00:00,-2199.489,-2024.5582305337427
2014-01-31 19:00:00,-2494.219,-2484.366251977223
2014-01-31 20:00:00,-2732.829,-2607.945576425683
2014-01-31 21:00:00,-2996.694,-2901.8488157785578
2014-01-31 22:00:00,-2932.0,-3202.220127851903
2014-01-31 23:00:00,-4591.125,-2517.778826661097
2014-02-01 00:00:00,-4774.441,-5013.101868947089
2014-02-01 01:00:00,-4585.956,-5040.107665255914
2014-02-01 02:00:00,-4770.691,-4423.190320893809
2014-02-01 03:00:00,-5093.299,-4845.311865287461
2014-02-01 04:00:00,-5393.75,-5092.417748665235
2014-02-01 05:00:00,-5595.076,-5339.995984421451
2014-02-01 06:00:00,-5933.81,-5694.87411553717
2014-02-01 07:00:00,-5650.657,-5948.805250106318
2014-02-01 08:00:00,-5592.878,-5452.51756327174
2014-02-01 09:00:00,-5694.909,-5630.189691520361
2014-02-01 10:00:00,-5470.006,-5787.5923294089525
2014-02-01 11:00:00,-4985.668,-5644.020413610293
2014-02-01 12:00:00,-4973.741,-4688.521538305181
2014-02-01 13:00:00,-4872.12,-4900.629491397524
2014-02-01 14:00:00,-5001.258,-4862.11245733763
2014-02-01 15:00:00,-5149.384,-4819.692044023859
2014-02-01 16:00:00,-5621.317,-4852.919299178074
2014-02-01 17:00:00,-5263.87,-5779.148588616205
2014-02-01 18:00:00,-4688.614,-5241.977544602605
2014-02-01 19:00:00,-4582.937,-4227.233949353957
2014-02-01 20:00:00,-4227.284,-4487.008313045353
2014-02-01 21:00:00,-3758.0,-3696.9650138132197
2014-02-01 22:00:00,-3548.0,-3349.3051053875874
2014-02-01 23:00:00,-1222.924,-3057.682217196449
2014-02-02 00:00:00,-1337.454,-1259.1274156540037
2014-02-02 01:00:00,-1349.762,-1466.222230241889
2014-02-02 02:00:00,-1022.759,-1403.093240243531
2014-02-02 03:00:00,-840.122,-849.2605082332877
2014-02-02 04:00:00,-704.887,-866.8111104399276
2014-02-02 05:00:00,-626.343,-679.9291739382206
2014-02-02 06:00:00,-636.8389999999999,-524.8045169978831
2014-02-02 07:00:00,-712.204,-618.704945958613
2014-02-02 08:00:00,-745.328,-737.4270154278315
2014-02-02 09:00:00,-580.558,-790.089034090068
2014-02-02 10:00:00,-436.0,-576.838165836422
2014-02-02 11:00:00,-253.212,-495.2666949341455
2014-02-02 12:00:00,-212.663,-279.97316306324944
2014-02-02 13:00:00,-176.796,-230.79925288764142
2014-02-02 14:00:00,-361.316,-199.42525011353757
2014-02-02 15:00:00,-504.422,-476.9821310677355
2014-02-02 16:00:00,-728.0,-592.4155303261691
2014-02-02 17:00:00,-1003.75,-1031.3241187018784
2014-02-02 18:00:00,-1163.537,-1267.3539586109841
2014-02-02 19:00:00,-1168.845,-1384.1715406852882
2014-02-02 20:00:00,-952.5,-1261.1367162646964
2014-02-02 21:00:00,-699.228,-899.5334853664107
2014-02-02 22:00:00,-448.09,-626.0441956842606
2014-02-02 23:00:00,-1633.889,-1555.071908694802
2014-02-03 00:00:00,-1561.352,-1574.9194899681163
2014-02-03 01:00:00,-1302.609,-1469.8395860889482
2014-02-03 02:00:00,-1343.537,-1203.4027862394312
2014-02-03 03:00:00,-1311.5,-1407.3101761126934
2014-02-03 04:00:00,-1075.352,-1210.7516466062539
2014-02-03 05:00:00,-797.23,-793.6237690879109
2014-02-03 06:00:00,-759.671,-610.4605590927771
2014-02-03 07:00:00,-672.441,-664.6000673237417
2014-02-03 08:00:00,-496.586,-587.1988677901785
2014-02-03 09:00:00,-336.82,-466.9723104333336
2014-02-03 10:00:00,-434.902,-329.4951032730261
2014-02-03 11:00:00,-347.224,-426.369818758754
2014-02-03 12:00:00,-355.034,-502.9016609374485
2014-02-03 13:00:00,-447.225,-611.7651756585643
2014-02-03 14:00:00,-383.667,-513.7964521127802
2014-02-03 15:00:00,-283.59,-446.51207494017456
2014-02-03 16:00:00,-201.235,-256.1070773287684
2014-02-03 17:00:00,-169.471,19.11702776055575
2014-02-03 18:00:00,-148.24,-65.55426780828056
2014-02-03 19:00:00,-136.002,-201.8009148618556
2014-02-03 20:00:00,-302.114,-202.56468820560903
2014-02-03 21:00:00,-601.75,-459.19306319937124
2014-02-03 22:00:00,-1077.332,-940.8758706113833
2014-02-03 23:00:00,-1965.87,-2766.470477542082
2014-02-04 00:00:00,-2088.17,-1613.5472196154308
2014-02-04 01:00:00,-2181.218,-2109.5162342948142
2014-02-04 02:00:00,-2173.03,-2253.296046654246
2014-02-04 03:00:00,-2368.364,-2198.303771261211
2014-02-04 04:00:00,-2318.958,-2513.8856083430055
2014-02-04 05:00:00,-2316.172,-2163.4134838240475
2014-02-04 06:00:00,-2135.766,-2065.550423409808
2014-02-04 07:00:00,-1840.583,-1816.5575204772213
2014-02-04 08:00:00,-1302.146,-1663.7788562043459
2014-02-04 09:00:00,-1101.552,-1291.8852842662875
2014-02-04 10:00:00,-1102.343,-1164.573075930216
2014-02-04 11:00:00,-1205.697,-1030.7659439651832
2014-02-04 12:00:00,-1232.18,-1245.6540842808677
2014-02-04 13:00:00,-1281.901,-1233.79561886338
2014-02-04 14:00:00,-1227.341,-1337.7612465691277
2014-02-04 15:00:00,-1312.306,-1158.818191760148
2014-02-04 16:00:00,-1220.049,-1336.2049862404376
2014-02-04 17:00:00,-1189.8,-1278.302825603505
2014-02-04 18:00:00,-1333.999,-1047.9402103194088
2014-02-04 19:00:00,-1883.173,-1550.1683780609592
2014-02-04 20:00:00,-2258.995,-2222.758987707902
2014-02-04 21:00:00,-2325.005,-2831.0423785457333
2014-02-04 22:00:00,-1970.842,-2475.0128180390593
2014-02-04 23:00:00,-2064.582,-2463.367226592328
2014-02-05 00:00:00,-2449.788,-2187.183020124465
2014-02-05 01:00:00,-2439.069,-2569.666484970046
2014-02-05 02:00:00,-2485.451,-2446.9395386782476
2014-02-05 03:00:00,-2561.452,-2439.748405788498
2014-02-05 04:00:00,-2570.289,-2773.1940875787595
2014-02-05 05:00:00,-2426.777,-2718.680688278722
2014-02-05 06:00:00,-2701.492,-2320.867795372745
2014-02-05 07:00:00,-2575.482,-2779.2472105347642
2014-02-05 08:00:00,-2487.817,-2590.4944663081874
2014-02-05 09:00:00,-2626.097,-2406.2670149402993
2014-02-05 10:00:00,-2492.178,-2842.3457631027486
2014-02-05 11:00:00,-2565.37,-2418.875622071565
2014-02-05 12:00:00,-2848.01,-2564.067354959731
2014-02-05 13:00:00,-2961.163,-2870.6736254958723
2014-02-05 14:00:00,-2979.088,-3140.63960939984
2014-02-05 15:00:00,-2740.233,-2988.8650060134128
2014-02-05 16:00:00,-2301.759,-2657.943178987809
2014-02-05 17:00:00,-1916.919,-2178.215137714455
2014-02-05 18:00:00,-1569.421,-1655.9893219039145
2014-02-05 19:00:00,-1180.664,-1427.0420659369888
2014-02-05 20:00:00,-904.398,-1145.192870945587
2014-02-05 21:00:00,-784.25,-865.3177329284256
2014-02-05 22:00:00,-779.774,-586.8540338507099
2014-02-05 23:00:00,-445.409,-1630.0818129833262
2014-02-06 00:00:00,-428.142,-360.7611915062236
2014-02-06 01:00:00,-254.236,-367.40942126583263
2014-02-06 02:00:00,-162.334,-264.87656190744036
2014-02-06 03:00:00,-181.0,-171.98750229716876
2014-02-06 04:00:00,-170.938,-202.62673763436985
2014-02-06 05:00:00,-98.128,-120.06268010027136
2014-02-06 06:00:00,-41.851,-97.89697835431505
2014-02-06 07:00:00,-19.694,-36.97494585923453
2014-02-06 08:00:00,-47.438,-52.877246738778055
2014-02-06 09:00:00,-143.563,-76.2642835820646
2014-02-06 10:00:00,-222.675,-157.3685407242317
2014-02-06 11:00:00,-241.019,-310.43029503666367
2014-02-06 12:00:00,-297.476,-301.47967700287086
2014-02-06 13:00:00,-409.238,-354.894914187126
2014-02-06 14:00:00,-493.791,-441.64213571168
2014-02-06 15:00:00,-663.25,-517.8932908782987
2014-02-06 16:00:00,-623.765,-752.0364324605623
2014-02-06 17:00:00,-626.327,-667.7496125802745
2014-02-06 18:00:00,-586.707,-612.1315017831972
2014-02-06 19:00:00,-517.877,-648.1594279350332
2014-02-06 20:00:00,-526.247,-559.8609802274366
2014-02-06 21:00:00,-595.889,-600.1516354339244
2014-02-06 22:00:00,-565.269,-714.3695976808151
2014-02-06 23:00:00,-596.02,-2288.2899104091002
2014-02-07 00:00:00,-721.152,-490.08328146554516
2014-02-07 01:00:00,-839.225,-672.2544317573401
2014-02-07 02:00:00,-956.982,-921.0620805667868
2014-02-07 03:00:00,-1120.646,-1105.8603949044327
2014-02-07 04:00:00,-1253.584,-1150.6749401824707
2014-02-07 05:00:00,-1148.417,-1241.8489620811865
2014-02-07 06:00:00,-791.145,-994.4197523423962
2014-02-07 07:00:00,-724.83,-641.1186788434043
2014-02-07 08:00:00,-1064.086,-626.2390274348961
2014-02-07 09:00:00,-1225.212,-1289.6663651098456
2014-02-07 10:00:00,-1084.115,-1393.6192715076115
2014-02-07 11:00:00,-1222.053,-989.361293471499
2014-02-07 12:00:00,-1228.665,-1326.3437578288354
2014-02-07 13:00:00,-1398.776,-1190.624019695159
2014-02-07 14:00:00,-1626.687,-1466.8625297346975
2014-02-07 15:00:00,-1945.75,-1787.848334461768
2014-02-07 16:00:00,-1542.5,-2083.4873437948904
2014-02-07 17:00:00,-1315.429,-1380.9680542417289
2014-02-07 18:00:00,-1343.181,-1222.8343019359527
2014-02-07 19:00:00,-1150.041,-1449.6078198880803
2014-02-07 20:00:00,-901.631,-1096.073709895104
2014-02-07 21:00:00,-917.807,-928.1277948918192
2014-02-07 22:00:00,-944.816,-766.7963688103224
2014-02-07 23:00:00,-1456.507,-2773.201844981759
2014-02-08 00:00:00,-1230.746,-1164.4626253796275
2014-02-08 01:00:00,-1121.725,-1138.7535222800389
2014-02-08 02:00:00,-938.859,-1067.3332350359215
2014-02-08 03:00:00,-1063.742,-895.3253220686701
2014-02-08 04:00:00,-1168.5,-1073.2816074065342
2014-02-08 05:00:00,-1223.721,-1233.0931674287717
2014-02-08 06:00:00,-1066.504,-1076.3839211730108
2014-02-08 07:00:00,-776.018,-816.0953356044566
2014-02-08 08:00:00,-644.924,-641.7678119263823
2014-02-08 09:00:00,-629.814,-643.7642343778494
2014-02-08 10:00:00,-708.503,-660.9708550539175
2014-02-08 11:00:00,-772.776,-750.6336040971702
2014-02-08 12:00:00,-780.874,-829.6380103887151
2014-02-08 13:00:00,-771.136,-766.1704714786007
2014-02-08 14:00:00,-816.109,-749.1036980579479
2014-02-08 15:00:00,-767.946,-873.8954506733573
2014-02-08 16:00:00,-680.0,-820.3172525774281
2014-02-08 17:00:00,-675.992,-646.4802179875743
2014-02-08 18:00:00,-994.953,-670.419840740544
2014-02-08 19:00:00,-957.198,-1247.0174729710402
2014-02-08 20:00:00,-1118.286,-1056.572970443386
2014-02-08 21:00:00,-1091.928,-1270.482856502394
2014-02-08 22:00:00,-1281.25,-1132.0977231326078
2014-02-08 23:00:00,-727.287,-1869.7296665546194
2014-02-09 00:00:00,-606.101,-733.904771272888
2014-02-09 01:00:00,-497.039,-518.9269243520132
2014-02-09 02:00:00,-440.507,-430.1918433497836
2014-02-09 03:00:00,-490.676,-416.7981672035787
2014-02-09 04:00:00,-590.051,-459.4851649322658
2014-02-09 05:00:00,-593.676,-655.0449211773578
2014-02-09 06:00:00,-696.577,-636.9379186090979
2014-02-09 07:00:00,-661.638,-706.6479012912805
2014-02-09 08:00:00,-665.75,-634.6830033080028
2014-02-09 09:00:00,-784.367,-699.5917865848332
2014-02-09 10:00:00,-872.849,-943.7162166413568
2014-02-09 11:00:00,-916.199,-973.6031388990388
2014-02-09 12:00:00,-937.013,-996.6531847891192
2014-02-09 13:00:00,-926.162,-1045.662469538558
2014-02-09 14:00:00,-1057.75,-1008.3960850250663
2014-02-09 15:00:00,-1178.0,-1163.3239905476535
2014-02-09 16:00:00,-1363.676,-1193.453006664505
2014-02-09 17:00:00,-1309.679,-1412.4582575212544
2014-02-09 18:00:00,-1157.779,-1167.448579376189
2014-02-09 19:00:00,-1219.581,-1173.716848090954
2014-02-09 20:00:00,-1285.867,-1327.1434664143771
2014-02-09 21:00:00,-1241.446,-1323.4889210732604
2014-02-09 22:00:00,-961.617,-1291.5888510292184
2014-02-09 23:00:00,-109.8,-1841.9856828446382
2014-02-10 00:00:00,-71.005,-16.154337703170423
2014-02-10 01:00:00,-103.09,-0.3459870307808962
2014-02-10 02:00:00,-46.438,-83.98266833007123
2014-02-10 03:00:00,-41.658,-82.82532544231478
2014-02-10 04:00:00,-31.0,-76.11837760211911
2014-02-10 05:00:00,-18.983,-37.20295027316585
2014-02-10 06:00:00,-26.88,-93.62460910534479
2014-02-10 07:00:00,-18.261,26.532367018248216
2014-02-10 08:00:00,-15.368,1.6871912471199624
2014-02-10 09:00:00,-12.988,-11.426205939345362
2014-02-10 10:00:00,0.25,-45.66781980260794
2014-02-10 11:00:00,9.138,-41.702989368322044
2014-02-10 12:00:00,14.262,42.52396603535561
2014-02-10 13:00:00,14.57,-47.98414073620142
2014-02-10 14:00:00,5.305999999999999,-68.66274548901215
2014-02-10 15:00:00,0.5670000000000002,-27.861526779453502
2014-02-10 16:00:00,1.3090000000000002,13.916727233280834
2014-02-10 17:00:00,-1.9770000000000003,-65.56090894399937
2014-02-10 18:00:00,-5.616,-32.241192683775914
2014-02-10 19:00:00,-83.105,-85.31678461510678
2014-02-10 20:00:00,-138.004,-151.48127220214528
2014-02-10 21:00:00,-197.665,-141.45770667112114
2014-02-10 22:00:00,-261.341,-164.1970005481505
2014-02-10 23:00:00,-2451.249,-2263.283970719749
2014-02-11 00:00:00,-2199.903,-2391.499827471868
2014-02-11 01:00:00,-2212.125,-2120.4653267621343
2014-02-11 02:00:00,-2180.897,-2475.772403792111
2014-02-11 03:00:00,-2126.75,-2408.622592454211
2014-02-11 04:00:00,-1951.25,-2253.699130780973
2014-02-11 05:00:00,-1789.242,-1964.3751610529816
2014-02-11 06:00:00,-1845.558,-1738.4837739924249
2014-02-11 07:00:00,-1855.583,-1746.2777231983769
2014-02-11 08:00:00,-1443.046,-1822.4406436479746
2014-02-11 09:00:00,-786.26,-1408.0356722016804
2014-02-11 10:00:00,-512.575,-748.0389745701913
2014-02-11 11:00:00,-598.025,-453.39821561825534
2014-02-11 12:00:00,-745.895,-703.8257911595267
2014-02-11 13:00:00,-830.858,-870.0101549664616
2014-02-11 14:00:00,-1021.31,-934.7201676621044
2014-02-11 15:00:00,-1528.265,-1219.3270001618944
2014-02-11 16:00:00,-2186.114,-1953.715451781274
2014-02-11 17:00:00,-2759.307,-2682.01560187566
2014-02-11 18:00:00,-3070.743,-3132.529098724908
2014-02-11 19:00:00,-3076.517,-3169.8986927461883
2014-02-11 20:00:00,-3316.656,-3034.785467413343
2014-02-11 21:00:00,-3389.403,-3307.182682385608
2014-02-11 22:00:00,-3551.953,-3138.246357704496
2014-02-11 23:00:00,-2706.817,-4453.943339353143
2014-02-12 00:00:00,-3240.595,-2507.6747633943464
2014-02-12 01:00:00,-2983.285,-3277.072380584331
2014-02-12 02:00:00,-2767.355,-2874.480119437912
2014-02-12 03:00:00,-2664.5,-2579.899565319772
2014-02-12 04:00:00,-2432.25,-2715.707829708454
2014-02-12 05:00:00,-2223.258,-2253.7386180282033
2014-02-12 06:00:00,-2130.25,-1901.8909034453602
2014-02-12 07:00:00,-2160.238,-1970.202808137562
2014-02-12 08:00:00,-2091.189,-2105.0019335845273
2014-02-12 09:00:00,-1946.286,-2179.9316912150507
2014-02-12 10:00:00,-1684.75,-1891.994451456869
2014-02-12 11:00:00,-1365.427,-1553.3271862915415
2014-02-12 12:00:00,-1099.866,-1322.026368091302
2014-02-12 13:00:00,-855.587,-1016.5104989643618
2014-02-12 14:00:00,-733.734,-887.5352015657377
2014-02-12 15:00:00,-616.286,-700.9167936795081
2014-02-12 16:00:00,-546.041,-584.695978707066
2014-02-12 17:00:00,-421.726,-513.7769553919768
2014-02-12 18:00:00,-338.66700000000003,-377.08254582109225
2014-02-12 19:00:00,-306.043,-360.7255283925019
2014-02-12 20:00:00,-209.454,-346.55399089180185
2014-02-12 21:00:00,-130.306,-180.1244876368387
2014-02-12 22:00:00,-67.831,-169.6901786061231
2014-02-12 23:00:00,-6261.049,-1704.6645001218744
2014-02-13 00:00:00,-6535.111,-6782.467539831612
2014-02-13 01:00:00,-6722.948,-6539.769345046228
2014-02-13 02:00:00,-6559.836,-6741.502365380027
2014-02-13 03:00:00,-7113.367,-6171.837272747295
2014-02-13 04:00:00,-6656.119,-7058.123366377283
2014-02-13 05:00:00,-6580.014,-6533.6525195702725
2014-02-13 06:00:00,-5501.523,-6278.512064396171
2014-02-13 07:00:00,-4918.763,-5017.099462106708
2014-02-13 08:00:00,-4629.284,-4659.5928524212495
2014-02-13 09:00:00,-4333.5,-4603.924660267863
2014-02-13 10:00:00,-4042.245,-4236.536513550233
2014-02-13 11:00:00,-3250.5,-3835.1493727885063
2014-02-13 12:00:00,-2000.719,-2856.5632099804507
2014-02-13 13:00:00,-1360.619,-1639.962265944746
2014-02-13 14:00:00,-1598.101,-1212.1605280190154
2014-02-13 15:00:00,-1739.146,-1945.4439456640093
2014-02-13 16:00:00,-2326.824,-1812.9858913233145
2014-02-13 17:00:00,-2233.068,-2483.5931859668517
2014-02-13 18:00:00,-2510.529,-2138.9254498941823
2014-02-13 19:00:00,-3083.594,-2702.633268550625
2014-02-13 20:00:00,-3277.678,-3427.128023265682
2014-02-13 21:00:00,-4304.27,-3585.1776220710385
2014-02-13 22:00:00,-4850.84,-4600.35167276661
2014-02-13 23:00:00,-5830.995,-5476.60579787271
2014-02-14 00:00:00,-5290.274,-6121.885050513285
2014-02-14 01:00:00,-5785.0,-5190.192928491881
2014-02-14 02:00:00,-5915.595,-6049.148351670291
2014-02-14 03:00:00,-6021.0,-6062.8191878202515
2014-02-14 04:00:00,-5659.52,-6136.287255935485
2014-02-14 05:00:00,-5121.418,-5517.064934602474
2014-02-14 06:00:00,-4593.403,-4464.948381791643
2014-02-14 07:00:00,-4391.303,-4209.635490100632
2014-02-14 08:00:00,-4019.238,-4272.005549120861
2014-02-14 09:00:00,-4091.106,-3712.6968740823854
2014-02-14 10:00:00,-3995.192,-4317.8555870386035
2014-02-14 11:00:00,-3604.855,-4081.376348506148
2014-02-14 12:00:00,-3066.619,-3404.1961729154245
2014-02-14 13:00:00,-2481.047,-2937.983190556804
2014-02-14 14:00:00,-1885.969,-2151.508866291458
2014-02-14 15:00:00,-1229.925,-1551.197197795995
2014-02-14 16:00:00,-966.189,-1070.3665805362896
2014-02-14 17:00:00,-2004.0,-896.3883621572463
2014-02-14 18:00:00,-3691.737,-2448.832795463561
2014-02-14 19:00:00,-5138.644,-3987.160054750007
2014-02-14 20:00:00,-6323.515,-5664.998381206203
2014-02-14 21:00:00,-6944.742,-6317.833713361217
2014-02-14 22:00:00,-7382.75,-6641.69022335204
2014-02-14 23:00:00,-7486.842,-5345.279753301543
2014-02-15 00:00:00,-7723.541,-7506.483159161694
2014-02-15 01:00:00,-7969.107,-7444.057748244634
2014-02-15 02:00:00,-8053.726,-7346.854699501132
2014-02-15 03:00:00,-8423.307,-8178.543235523021
2014-02-15 04:00:00,-8491.862,-8531.47089113762
2014-02-15 05:00:00,-8701.348,-8462.19819418264
2014-02-15 06:00:00,-8738.17,-8233.380085565957
2014-02-15 07:00:00,-8240.504,-8265.139272044498
2014-02-15 08:00:00,-6830.5,-8083.966736047544
2014-02-15 09:00:00,-6142.306,-6362.593426143898
2014-02-15 10:00:00,-6314.75,-6397.886157734948
2014-02-15 11:00:00,-6026.463,-6076.157059128274
2014-02-15 12:00:00,-5695.559,-5764.336526611885
2014-02-15 13:00:00,-6437.9,-5382.416977937603
2014-02-15 14:00:00,-6681.916,-6886.541885255378
2014-02-15 15:00:00,-6723.059,-6798.077829973943
2014-02-15 16:00:00,-6375.818,-6616.172147156532
2014-02-15 17:00:00,-6670.041,-6264.883877008496
2014-02-15 18:00:00,-7028.656,-6526.79014411397
2014-02-15 19:00:00,-7223.06,-6983.383343445956
2014-02-15 20:00:00,-7335.432,-6943.700450579788
2014-02-15 21:00:00,-7188.068,-7557.37025975703
2014-02-15 22:00:00,-7503.555,-6081.174749781761
2014-02-15 23:00:00,-7269.024,-4394.5217807077815
2014-02-16 00:00:00,-8556.149,-7835.712335590562
2014-02-16 01:00:00,-8728.327,-8433.095445097186
2014-02-16 02:00:00,-8874.648,-8621.232559999064
2014-02-16 03:00:00,-8948.855,-9003.300621100489
2014-02-16 04:00:00,-8760.258,-9261.800302253307
2014-02-16 05:00:00,-8442.962,-8597.185163659478
2014-02-16 06:00:00,-8297.036,-8441.348114089089
2014-02-16 07:00:00,-8085.663,-8282.570032005162
2014-02-16 08:00:00,-8429.5,-8285.15465759188
2014-02-16 09:00:00,-8974.074,-8784.459703035152
2014-02-16 10:00:00,-8530.662,-9454.401925350076
2014-02-16 11:00:00,-8273.901,-8618.533122791918
2014-02-16 12:00:00,-8137.394,-8439.947519711235
2014-02-16 13:00:00,-7382.827,-7868.542369545004
2014-02-16 14:00:00,-7348.58,-7058.017204232287
2014-02-16 15:00:00,-6806.169,-7225.581551615728
2014-02-16 16:00:00,-5552.297,-6396.0882024331995
2014-02-16 17:00:00,-5156.25,-5352.753466616973
2014-02-16 18:00:00,-4969.896,-4617.7436833375305
2014-02-16 19:00:00,-4765.698,-4725.82722512501
2014-02-16 20:00:00,-4429.449,-4597.769853278311
2014-02-16 21:00:00,-4510.961,-4099.469764402157
2014-02-16 22:00:00,-4540.0,-4322.8673655717685
2014-02-16 23:00:00,-3301.33,-4231.512513054559
2014-02-17 00:00:00,-3877.581,-3258.8929259049582
2014-02-17 01:00:00,-3727.404,-4016.209727397973
2014-02-17 02:00:00,-3789.653,-3741.668987847435
2014-02-17 03:00:00,-3562.241,-3769.0546420517007
2014-02-17 04:00:00,-3377.368,-3532.618511576919
2014-02-17 05:00:00,-3226.956,-3434.2151775259626
2014-02-17 06:00:00,-3242.437,-3059.3290698082888
2014-02-17 07:00:00,-3222.555,-3265.7497448011886
2014-02-17 08:00:00,-2351.445,-3167.544639258849
2014-02-17 09:00:00,-1477.5,-2465.7796887586796
2014-02-17 10:00:00,-1348.894,-1387.2872883899
2014-02-17 11:00:00,-1489.999,-1606.8094542793917
2014-02-17 12:00:00,-1588.162,-1600.2359112280867
2014-02-17 13:00:00,-1551.947,-1728.0330483597427
2014-02-17 14:00:00,-1229.122,-1499.5018274837237
2014-02-17 15:00:00,-1035.758,-1133.9503257970634
2014-02-17 16:00:00,-1070.488,-1019.7250817176302
2014-02-17 17:00:00,-1310.399,-1109.4133497167072
2014-02-17 18:00:00,-1476.264,-1464.7738074787683
2014-02-17 19:00:00,-1324.883,-1545.7165986394361
2014-02-17 20:00:00,-1600.38,-1273.886262685207
2014-02-17 21:00:00,-1621.923,-1765.8507164670862
2014-02-17 22:00:00,-1287.692,-1627.0360569918607
2014-02-17 23:00:00,-1387.041,-1319.1778878278055
2014-02-18 00:00:00,-959.178,-1490.5344669102212
2014-02-18 01:00:00,-915.314,-753.6079088418346
2014-02-18 02:00:00,-875.33,-832.3053631857041
2014-02-18 03:00:00,-781.527,-779.73659251818
2014-02-18 04:00:00,-718.186,-716.9787620482252
2014-02-18 05:00:00,-685.868,-598.9878771752494
2014-02-18 06:00:00,-885.98,-534.5753022768071
2014-02-18 07:00:00,-1133.463,-899.0500677541435
2014-02-18 08:00:00,-1256.166,-1291.1382979712919
2014-02-18 09:00:00,-1036.557,-1346.7694500113407
2014-02-18 10:00:00,-816.984,-935.0135611262748
2014-02-18 11:00:00,-788.674,-724.9206748656227
2014-02-18 12:00:00,-883.931,-832.8483776402772
2014-02-18 13:00:00,-853.741,-944.7217222114895
2014-02-18 14:00:00,-951.373,-901.4147251286154
2014-02-18 15:00:00,-1131.871,-1066.6561437722517
2014-02-18 16:00:00,-1809.582,-1242.9923306129865
2014-02-18 17:00:00,-2429.775,-2176.8451497998426
2014-02-18 18:00:00,-2710.869,-2771.9860532916
2014-02-18 19:00:00,-2468.062,-2977.2449530117033
2014-02-18 20:00:00,-2390.013,-2388.445980641222
2014-02-18 21:00:00,-2372.929,-2457.035294999228
2014-02-18 22:00:00,-2205.19,-2310.9409102476293
2014-02-18 23:00:00,-2244.847,-2392.232794652396
2014-02-19 00:00:00,-2448.755,-2316.4591250038593
2014-02-19 01:00:00,-2120.904,-2534.519977339461
2014-02-19 02:00:00,-1989.702,-1974.011404196018
2014-02-19 03:00:00,-1989.25,-1977.386644669394
2014-02-19 04:00:00,-1980.453,-1995.9662157248001
2014-02-19 05:00:00,-1956.752,-1924.6508906997133
2014-02-19 06:00:00,-2118.05,-1835.8154845510803
2014-02-19 07:00:00,-2179.261,-2129.3206289674545
2014-02-19 08:00:00,-1949.067,-2205.3486405307463
2014-02-19 09:00:00,-1909.715,-1894.1121361431365
2014-02-19 10:00:00,-2345.5,-1949.3847760508977
2014-02-19 11:00:00,-2833.223,-2573.7188360192595
2014-02-19 12:00:00,-2899.26,-3075.5041481911753
2014-02-19 13:00:00,-2486.762,-2984.552660570138
2014-02-19 14:00:00,-1957.611,-2227.411458160852
2014-02-19 15:00:00,-1572.741,-1673.6037003947743
2014-02-19 16:00:00,-1483.627,-1316.8521374640152
2014-02-19 17:00:00,-1474.032,-1323.6456427055293
2014-02-19 18:00:00,-1646.636,-1392.0625767511494
2014-02-19 19:00:00,-1780.788,-1823.975791797886
2014-02-19 20:00:00,-1658.534,-1901.9365005727755
2014-02-19 21:00:00,-1848.024,-1634.749985506912
2014-02-19 22:00:00,-1898.713,-1889.335168061043
2014-02-19 23:00:00,-2759.67,-2157.5185766256195
2014-02-20 00:00:00,-2269.201,-2936.6397239190273
2014-02-20 01:00:00,-2089.499,-2190.3249653514554
2014-02-20 02:00:00,-2058.606,-2082.42280468335
2014-02-20 03:00:00,-2150.25,-2069.2462348146582
2014-02-20 04:00:00,-1949.74,-2181.619446375564
2014-02-20 05:00:00,-1743.779,-1812.5572863804982
2014-02-20 06:00:00,-1636.333,-1578.3213160644875
2014-02-20 07:00:00,-1486.102,-1586.6861687532826
2014-02-20 08:00:00,-1343.595,-1333.2212141337977
2014-02-20 09:00:00,-1098.443,-1421.0140050332218
2014-02-20 10:00:00,-1009.354,-1123.1087155523662
2014-02-20 11:00:00,-1115.601,-874.5582985891926
2014-02-20 12:00:00,-1163.153,-1185.6650677402313
2014-02-20 13:00:00,-1312.153,-1236.9337082920085
2014-02-20 14:00:00,-1558.231,-1428.0512512225978
2014-02-20 15:00:00,-1729.75,-1729.812251608272
2014-02-20 16:00:00,-2211.911,-1920.3466161095832
2014-02-20 17:00:00,-3151.718,-2421.8376583300947
2014-02-20 18:00:00,-4519.167,-3483.3878760149314
2014-02-20 19:00:00,-5131.621,-4974.234706389604
2014-02-20 20:00:00,-5132.103,-5541.562988568089
2014-02-20 21:00:00,-4998.283,-5074.1384663771705
2014-02-20 22:00:00,-4875.985,-5106.387654257376
2014-02-20 23:00:00,-4306.584,-3710.6409767110563
2014-02-21 00:00:00,-4758.339,-4598.089567037861
2014-02-21 01:00:00,-4538.796,-4499.981067733761
2014-02-21 02:00:00,-4291.799,-4515.447784793833
2014-02-21 03:00:00,-4036.125,-4085.394635385624
2014-02-21 04:00:00,-3605.008,-3779.239946393127
2014-02-21 05:00:00,-3252.742,-3408.39698485526
2014-02-21 06:00:00,-3179.313,-3003.547350263027
2014-02-21 07:00:00,-2958.934,-2928.7556925946783
2014-02-21 08:00:00,-2564.061,-2886.146520372394
2014-02-21 09:00:00,-2335.504,-2529.772517709126
2014-02-21 10:00:00,-2231.182,-2228.3289003591176
2014-02-21 11:00:00,-2506.076,-2158.7000720453866
2014-02-21 12:00:00,-2656.293,-2595.720339676087
2014-02-21 13:00:00,-2473.0,-2658.9743698719412
2014-02-21 14:00:00,-2560.343,-2283.938670665493
2014-02-21 15:00:00,-2483.402,-2490.80283024715
2014-02-21 16:00:00,-2670.021,-2314.6040799025186
2014-02-21 17:00:00,-3016.773,-2682.54964243519
2014-02-21 18:00:00,-3285.181,-3207.4814911027843
2014-02-21 19:00:00,-3000.908,-3318.7410967420533
2014-02-21 20:00:00,-3014.498,-2928.5484610451063
2014-02-21 21:00:00,-2953.201,-2950.68591895008
2014-02-21 22:00:00,-2920.797,-3095.200066982652
2014-02-21 23:00:00,-2468.202,-3210.679724568568
2014-02-22 00:00:00,-2614.317,-2470.5098049883595
2014-02-22 01:00:00,-2632.319,-2659.5280313112426
2014-02-22 02:00:00,-2843.138,-2655.7317061975964
2014-02-22 03:00:00,-3215.44,-2822.018774637896
2014-02-22 04:00:00,-3446.5,-3430.3147902635637
2014-02-22 05:00:00,-3680.119,-3694.6700073678476
2014-02-22 06:00:00,-3803.42,-3656.209881052519
2014-02-22 07:00:00,-3757.066,-3861.79765984979
2014-02-22 08:00:00,-3179.481,-3743.571505313529
2014-02-22 09:00:00,-2821.965,-3112.502903465448
2014-02-22 10:00:00,-3130.5,-2741.7939116164525
2014-02-22 11:00:00,-3846.024,-3207.243506574981
2014-02-22 12:00:00,-4645.841,-4218.779207832141
2014-02-22 13:00:00,-4451.583,-4907.872861757311
2014-02-22 14:00:00,-3648.698,-4480.229867070221
2014-02-22 15:00:00,-2880.341,-3019.8062432222387
2014-02-22 16:00:00,-2476.769,-2586.6402276999393
2014-02-22 17:00:00,-2113.229,-2165.167975738063
2014-02-22 18:00:00,-2068.051,-1758.6839852656371
2014-02-22 19:00:00,-2134.281,-1936.1649169944435
2014-02-22 20:00:00,-2078.75,-2071.7485388856685
2014-02-22 21:00:00,-1845.665,-2059.269378587428
2014-02-22 22:00:00,-1701.896,-1570.7869058667306
2014-02-22 23:00:00,-1944.403,-2151.0475234649116
2014-02-23 00:00:00,-1370.497,-1941.2768910875388
2014-02-23 01:00:00,-1440.761,-1422.9757893830183
2014-02-23 02:00:00,-1640.78,-1716.384417691224
2014-02-23 03:00:00,-1718.702,-1787.5605471444142
2014-02-23 04:00:00,-1698.97,-1861.8684198446406
2014-02-23 05:00:00,-1800.35,-1625.418900540771
2014-02-23 06:00:00,-1913.874,-1828.3608348545633
2014-02-23 07:00:00,-2031.811,-1785.0169395062967
2014-02-23 08:00:00,-1321.337,-2104.5208736388295
2014-02-23 09:00:00,-983.281,-1333.411218022785
2014-02-23 10:00:00,-1748.095,-944.5998088237751
2014-02-23 11:00:00,-2397.6,-2247.6712158141795
2014-02-23 12:00:00,-2498.487,-2766.6158884958304
2014-02-23 13:00:00,-2265.883,-2384.1886889107436
2014-02-23 14:00:00,-2185.945,-2036.3361348958113
2014-02-23 15:00:00,-2052.096,-2083.3285941930167
2014-02-23 16:00:00,-1755.5,-2060.691932466961
2014-02-23 17:00:00,-2109.267,-1550.119801593126
2014-02-23 18:00:00,-2880.225,-2188.149628583
2014-02-23 19:00:00,-3345.997,-3250.8094212918263
2014-02-23 20:00:00,-3726.712,-3800.250808265999
2014-02-23 21:00:00,-3618.738,-3719.229364147794
2014-02-23 22:00:00,-3499.343,-3295.939970707834
2014-02-23 23:00:00,-3594.92,-2495.6902511443927
2014-02-24 00:00:00,-3051.324,-3772.3612081124243
2014-02-24 01:00:00,-2901.428,-2798.954683556255
2014-02-24 02:00:00,-2823.405,-2873.5812793375976
2014-02-24 03:00:00,-3022.987,-2713.4796092516285
2014-02-24 04:00:00,-3359.796,-3080.7680870207587
2014-02-24 05:00:00,-3771.011,-3685.0414836819555
2014-02-24 06:00:00,-4376.413,-4027.7081695228385
2014-02-24 07:00:00,-4131.463,-4564.073450213728
2014-02-24 08:00:00,-2873.548,-4006.4190381629546
2014-02-24 09:00:00,-2269.217,-2504.2650611397935
2014-02-24 10:00:00,-2750.385,-2020.5479051302432
2014-02-24 11:00:00,-3276.325,-3031.347633520066
2014-02-24 12:00:00,-3421.244,-3537.100970672803
2014-02-24 13:00:00,-3458.139,-3515.004237144061
2014-02-24 14:00:00,-3510.359,-3587.726575878619
2014-02-24 15:00:00,-3299.285,-3516.024723002874
2014-02-24 16:00:00,-3497.75,-3260.880565759331
2014-02-24 17:00:00,-5008.56,-3492.1918735706536
2014-02-24 18:00:00,-5962.205,-5335.163716329157
2014-02-24 19:00:00,-6012.517,-6371.132850489202
2014-02-24 20:00:00,-5576.85,-6186.25410881262
2014-02-24 21:00:00,-5295.9,-5481.65432097955
2014-02-24 22:00:00,-4915.5,-5340.750399944854
2014-02-24 23:00:00,-3694.308,-3044.475981231731
2014-02-25 00:00:00,-3900.109,-3777.3579252277978
2014-02-25 01:00:00,-3639.616,-3858.9268956217516
2014-02-25 02:00:00,-3482.092,-3477.469415462458
2014-02-25 03:00:00,-3432.725,-3483.9528203946693
2014-02-25 04:00:00,-3355.5,-3402.002952299555
2014-02-25 05:00:00,-3493.09,-3397.168019121832
2014-02-25 06:00:00,-3478.413,-3427.7354252351647
2014-02-25 07:00:00,-3206.521,-3529.466659478963
2014-02-25 08:00:00,-2180.569,-3033.680121079344
2014-02-25 09:00:00,-1233.974,-1991.4181863827064
2014-02-25 10:00:00,-968.844,-1182.2049196206672
2014-02-25 11:00:00,-1026.53,-843.0755015180504
2014-02-25 12:00:00,-1271.644,-1024.945637582533
2014-02-25 13:00:00,-1659.53,-1426.4002503015895
2014-02-25 14:00:00,-1815.486,-1919.432321582828
2014-02-25 15:00:00,-1829.375,-1901.086310646628
2014-02-25 16:00:00,-2337.5,-1731.1306303454662
2014-02-25 17:00:00,-3200.493,-2569.049282714305
2014-02-25 18:00:00,-3650.647,-3568.0877702033476
2014-02-25 19:00:00,-3599.68,-3666.887183884261
2014-02-25 20:00:00,-3201.991,-3559.2182064978438
2014-02-25 21:00:00,-2758.25,-3030.3190114742847
2014-02-25 22:00:00,-2489.892,-2495.3064817056575
2014-02-25 23:00:00,-1787.259,-2674.2059168203386
2014-02-26 00:00:00,-1880.163,-1777.7630705495117
2014-02-26 01:00:00,-1727.588,-1881.6414619157783
2014-02-26 02:00:00,-1526.644,-1742.9745357736874
2014-02-26 03:00:00,-1435.013,-1366.5999402950551
2014-02-26 04:00:00,-1396.25,-1428.469169280031
2014-02-26 05:00:00,-1494.896,-1454.356362090366
2014-02-26 06:00:00,-1318.819,-1543.9567758589524
2014-02-26 07:00:00,-1114.112,-1157.150654112013
2014-02-26 08:00:00,-666.785,-1041.4476675389667
2014-02-26 09:00:00,-233.75,-539.3976024407131
2014-02-26 10:00:00,-50.503,-155.48152911530156
2014-02-26 11:00:00,-26.572,-19.714646795086985
2014-02-26 12:00:00,-9.306,-54.18197162428559
2014-02-26 13:00:00,0.019000000000000128,-26.82394732569268
2014-02-26 14:00:00,-5.774,-95.10454204288212
2014-02-26 15:00:00,-43.477000000000004,-39.84886901603772
2014-02-26 16:00:00,-121.746,-68.92541945461124
2014-02-26 17:00:00,-288.765,-54.873219311980755
2014-02-26 18:00:00,-402.543,-481.229137417389
2014-02-26 19:00:00,-457.93,-513.4166581997735
2014-02-26 20:00:00,-609.481,-589.2768372884278
2014-02-26 21:00:00,-684.75,-804.6057190143321
2014-02-26 22:00:00,-721.25,-922.3245056770597
2014-02-26 23:00:00,-891.197,-1180.742768655905
2014-02-27 00:00:00,-595.95,-833.0248266778773
2014-02-27 01:00:00,-458.541,-558.0828044595872
2014-02-27 02:00:00,-322.735,-432.31203648810913
2014-02-27 03:00:00,-304.116,-253.18495642909696
2014-02-27 04:00:00,-189.622,-295.19749633511043
2014-02-27 05:00:00,-138.54,-182.66570504184787
2014-02-27 06:00:00,-136.24,-126.37097859143321
2014-02-27 07:00:00,-141.633,-98.57974203298235
2014-02-27 08:00:00,-105.982,-138.26526275001456
2014-02-27 09:00:00,-70.021,-155.83399240670062
2014-02-27 10:00:00,-77.718,-13.909674936474854
2014-02-27 11:00:00,-43.937,-92.8590902580223
2014-02-27 12:00:00,-58.287,-82.72515561261307
2014-02-27 13:00:00,-117.148,-95.96481350502272
2014-02-27 14:00:00,-112.493,-185.91715371001644
2014-02-27 15:00:00,-162.5,-144.23666399285
2014-02-27 16:00:00,-333.262,-221.21739456615143
2014-02-27 17:00:00,-702.04,-486.0393967351766
2014-02-27 18:00:00,-1166.955,-980.989983477808
2014-02-27 19:00:00,-1569.562,-1615.8432489564027
2014-02-27 20:00:00,-1750.119,-1972.893885950947
2014-02-27 21:00:00,-1932.0,-1922.7115329375772
2014-02-27 22:00:00,-1803.5,-1823.8553930395612
2014-02-27 23:00:00,-1286.869,-1440.9855536550467
2014-02-28 00:00:00,-1479.602,-1093.2823691516842
2014-02-28 01:00:00,-1457.592,-1669.9699117183284
2014-02-28 02:00:00,-1403.629,-1356.0702261091478
2014-02-28 03:00:00,-1283.25,-1450.2892783785553
2014-02-28 04:00:00,-1167.45,-1345.7426488858994
2014-02-28 05:00:00,-1259.552,-1110.4550661877438
2014-02-28 06:00:00,-1229.748,-1187.0653261315642
2014-02-28 07:00:00,-1094.274,-1086.6147706969236
2014-02-28 08:00:00,-738.569,-911.8757937968671
2014-02-28 09:00:00,-497.063,-672.6033699957958
2014-02-28 10:00:00,-482.191,-468.0240753242279
2014-02-28 11:00:00,-522.925,-496.21356160215566
2014-02-28 12:00:00,-625.136,-516.0848294249774
2014-02-28 13:00:00,-616.254,-702.9210402643238
2014-02-28 14:00:00,-546.854,-669.7639130979777
2014-02-28 15:00:00,-389.197,-522.1004955683212
2014-02-28 16:00:00,-339.152,-344.41786460939693
2014-02-28 17:00:00,-276.448,-323.0925949007972
2014-02-28 18:00:00,-254.601,-288.49279957946675
2014-02-28 19:00:00,-390.153,-302.9702066779684
2014-02-28 20:00:00,-443.32,-480.1498721529978
2014-02-28 21:00:00,-501.329,-631.9852928982787
2014-02-28 22:00:00,-450.655,-698.6803153172614
