timestamp,actual,pred_xgb
2013-12-18 05:00:00,5.545,6.632373
2013-12-18 06:00:00,12.552,7.8252716
2013-12-18 07:00:00,13.082,12.941123
2013-12-18 08:00:00,19.054,11.586874
2013-12-18 09:00:00,7.159,12.513745
2013-12-18 10:00:00,9.281,7.678991
2013-12-18 11:00:00,5.182,7.7068434
2013-12-18 12:00:00,10.549,9.750908
2013-12-18 13:00:00,8.733,11.244097
2013-12-18 14:00:00,15.447,8.3267975
2013-12-18 15:00:00,8.671,11.139945
2013-12-18 16:00:00,7.134,6.276304
2013-12-18 17:00:00,10.968,7.0218678
2013-12-18 18:00:00,6.188,10.035427
2013-12-18 19:00:00,5.122,15.732235
2013-12-18 20:00:00,13.782,10.352023
2013-12-18 21:00:00,7.966,12.267275
2013-12-18 22:00:00,11.567,7.972756
2013-12-18 23:00:00,4.484,7.239855
2013-12-19 00:00:00,4.622,9.029179
2013-12-19 01:00:00,9.203,14.252161
2013-12-19 02:00:00,11.423,11.303207
2013-12-19 03:00:00,5.777,9.610734
2013-12-19 04:00:00,9.257,7.2215548
2013-12-19 05:00:00,6.683,7.7017303
2013-12-19 06:00:00,14.321,10.333732
2013-12-19 07:00:00,18.846,13.555797
2013-12-19 08:00:00,5.778,16.19733
2013-12-19 09:00:00,16.06,7.656564
2013-12-19 10:00:00,9.078,11.689354
2013-12-19 11:00:00,9.783,6.496957
2013-12-19 12:00:00,6.537,9.931356
2013-12-19 13:00:00,10.335,10.240015
2013-12-19 14:00:00,9.922,14.687874
2013-12-19 15:00:00,8.432,8.600228
2013-12-19 16:00:00,6.159,7.78828
2013-12-19 17:00:00,4.0,8.179243
2013-12-19 18:00:00,7.861,8.839435
2013-12-19 19:00:00,16.002,9.038053
2013-12-19 20:00:00,7.889,13.366795
2013-12-19 21:00:00,10.391,8.004832
2013-12-19 22:00:00,5.586,8.115058
2013-12-19 23:00:00,4.0,6.6846943
2013-12-20 00:00:00,21.5,7.8374867
2013-12-20 01:00:00,13.339,14.212392
2013-12-20 02:00:00,14.019,10.545568
2013-12-20 03:00:00,7.525,7.2973566
2013-12-20 04:00:00,4.0,6.7892737
2013-12-20 05:00:00,6.137,6.551527
2013-12-20 06:00:00,12.627,10.416975
2013-12-20 07:00:00,10.954,14.436823
2013-12-20 08:00:00,19.29,9.887069
2013-12-20 09:00:00,6.484,11.931314
2013-12-20 10:00:00,7.461,8.163767
2013-12-20 11:00:00,14.899,7.9816995
2013-12-20 12:00:00,9.531,12.460669
2013-12-20 13:00:00,18.896,11.096539
2013-12-20 14:00:00,11.041,15.113488
2013-12-20 15:00:00,11.682,9.201826
2013-12-20 16:00:00,6.81,8.414338
2013-12-20 17:00:00,5.743,6.5339346
2013-12-20 18:00:00,7.255,9.272917
2013-12-20 19:00:00,11.708,14.1347065
2013-12-20 20:00:00,17.78,10.741894
2013-12-20 21:00:00,7.322,14.652098
2013-12-20 22:00:00,5.402,8.118504
2013-12-20 23:00:00,11.238,7.4460254
2013-12-21 00:00:00,5.896,11.406889
2013-12-21 01:00:00,15.257,11.73516
2013-12-21 02:00:00,5.941,13.830394
2013-12-21 03:00:00,5.413,8.328821
2013-12-21 04:00:00,4.001,7.495475
2013-12-21 05:00:00,6.982,8.726752
2013-12-21 06:00:00,4.436,10.051773
2013-12-21 07:00:00,15.999,11.656807
2013-12-21 08:00:00,11.711,15.235036
2013-12-21 09:00:00,10.644,10.42901
2013-12-21 10:00:00,10.092,7.800785
2013-12-21 11:00:00,7.012,9.7389965
2013-12-21 12:00:00,5.829,9.635358
2013-12-21 13:00:00,10.179,13.570981
2013-12-21 14:00:00,17.466,11.779012
2013-12-21 15:00:00,5.856,12.326906
2013-12-21 16:00:00,12.272,9.350972
2013-12-21 17:00:00,9.968,8.924002
2013-12-21 18:00:00,9.22,10.300015
2013-12-21 19:00:00,13.514,10.810175
2013-12-21 20:00:00,8.206,15.998057
2013-12-21 21:00:00,11.622,7.893487
2013-12-21 22:00:00,8.293,6.3176517
2013-12-21 23:00:00,5.441,7.9296646
2013-12-22 00:00:00,14.11,8.153098
2013-12-22 01:00:00,11.759,16.187653
2013-12-22 02:00:00,5.386,11.290169
2013-12-22 03:00:00,8.736,8.379026
2013-12-22 04:00:00,15.274,6.8319483
2013-12-22 05:00:00,6.516,10.57426
2013-12-22 06:00:00,14.578,9.219402
2013-12-22 07:00:00,6.484,16.626675
2013-12-22 08:00:00,8.492,11.20452
2013-12-22 09:00:00,4.0,9.564475
2013-12-22 10:00:00,5.014,7.78955
2013-12-22 11:00:00,9.167,7.0538864
2013-12-22 12:00:00,8.122,8.822209
2013-12-22 13:00:00,4.625,10.87639
2013-12-22 14:00:00,5.515,13.394067
2013-12-22 15:00:00,12.971,7.5380597
2013-12-22 16:00:00,9.475,8.46067
2013-12-22 17:00:00,15.561,7.08587
2013-12-22 18:00:00,9.125,13.129603
2013-12-22 19:00:00,15.497,11.439828
2013-12-22 20:00:00,18.788,12.588645
2013-12-22 21:00:00,5.008,12.624612
2013-12-22 22:00:00,8.661,6.875475
2013-12-22 23:00:00,4.0,6.5760794
2013-12-23 00:00:00,11.661,7.1943207
2013-12-23 01:00:00,13.872,11.15754
2013-12-23 02:00:00,11.073,9.287984
2013-12-23 03:00:00,6.354,9.8948
2013-12-23 04:00:00,9.719,8.680767
2013-12-23 05:00:00,9.735,7.7646313
2013-12-23 06:00:00,5.031,10.925155
2013-12-23 07:00:00,7.819,10.303671
2013-12-23 08:00:00,8.955,10.1125
2013-12-23 09:00:00,8.587,8.259892
2013-12-23 10:00:00,6.493,6.546151
2013-12-23 11:00:00,5.978,7.190701
2013-12-23 12:00:00,5.95,9.592041
2013-12-23 13:00:00,4.263,9.588204
2013-12-23 14:00:00,14.596,10.300031
2013-12-23 15:00:00,15.116,11.052318
2013-12-23 16:00:00,6.306,8.851143
2013-12-23 17:00:00,5.396,9.014063
2013-12-23 18:00:00,11.068,11.171594
2013-12-23 19:00:00,17.356,17.120625
2013-12-23 20:00:00,15.41,18.455257
2013-12-23 21:00:00,9.494,11.281305
2013-12-23 22:00:00,11.253,9.189242
2013-12-23 23:00:00,4.0,7.6192064
2013-12-24 00:00:00,11.52,9.268453
2013-12-24 01:00:00,12.704,11.114201
2013-12-24 02:00:00,10.847,10.258023
2013-12-24 03:00:00,14.099,8.925362
2013-12-24 04:00:00,5.371,9.198445
2013-12-24 05:00:00,12.133,7.5252943
2013-12-24 06:00:00,10.226,9.96189
2013-12-24 07:00:00,15.633,10.286545
2013-12-24 08:00:00,5.304,13.269982
2013-12-24 09:00:00,7.947,8.072642
2013-12-24 10:00:00,4.0,8.47409
2013-12-24 11:00:00,13.571,6.9195294
2013-12-24 12:00:00,8.578,9.838469
2013-12-24 13:00:00,8.382,8.758122
2013-12-24 14:00:00,11.522,13.076947
2013-12-24 15:00:00,11.936,10.760896
2013-12-24 16:00:00,4.445,8.496193
2013-12-24 17:00:00,4.0,7.255297
2013-12-24 18:00:00,10.132,9.700864
2013-12-24 19:00:00,16.959,15.931454
2013-12-24 20:00:00,4.204,15.638148
2013-12-24 21:00:00,5.853,7.080264
2013-12-24 22:00:00,5.274,7.397086
2013-12-24 23:00:00,14.943,6.537157
2013-12-25 00:00:00,5.517,14.239532
2013-12-25 01:00:00,12.781,9.305199
2013-12-25 02:00:00,13.586,11.263512
2013-12-25 03:00:00,9.214,10.466441
2013-12-25 04:00:00,8.162,6.7489696
2013-12-25 05:00:00,11.391,7.5331383
2013-12-25 06:00:00,6.824,10.132891
2013-12-25 07:00:00,10.818,11.929145
2013-12-25 08:00:00,16.599,10.310938
2013-12-25 09:00:00,5.018,11.657262
2013-12-25 10:00:00,6.775,6.062735
2013-12-25 11:00:00,8.575,8.947063
2013-12-25 12:00:00,8.26,9.008237
2013-12-25 13:00:00,12.311,9.910803
2013-12-25 14:00:00,13.353,11.431044
2013-12-25 15:00:00,12.509,10.078078
2013-12-25 16:00:00,4.0,6.484576
2013-12-25 17:00:00,14.521,6.3556013
2013-12-25 18:00:00,5.347,12.155141
2013-12-25 19:00:00,10.805,9.962339
2013-12-25 20:00:00,10.061,8.628706
2013-12-25 21:00:00,7.138,7.870634
2013-12-25 22:00:00,5.864,6.1469274
2013-12-25 23:00:00,4.0,9.163749
2013-12-26 00:00:00,10.811,7.469726
2013-12-26 01:00:00,15.977,12.065163
2013-12-26 02:00:00,14.478,14.536151
2013-12-26 03:00:00,7.685,10.5254
2013-12-26 04:00:00,10.335,6.8376245
2013-12-26 05:00:00,11.485,7.8621836
2013-12-26 06:00:00,14.91,9.772092
2013-12-26 07:00:00,11.576,12.619982
2013-12-26 08:00:00,7.204,13.198391
2013-12-26 09:00:00,14.487,7.028963
2013-12-26 10:00:00,8.422,10.463073
2013-12-26 11:00:00,6.934,7.2407136
2013-12-26 12:00:00,9.367,8.902403
2013-12-26 13:00:00,6.957,10.133418
2013-12-26 14:00:00,7.836,11.895792
2013-12-26 15:00:00,5.844,8.481094
2013-12-26 16:00:00,5.656,6.009779
2013-12-26 17:00:00,11.703,7.678009
2013-12-26 18:00:00,20.549,8.510884
2013-12-26 19:00:00,15.465,13.0333605
2013-12-26 20:00:00,12.26,13.6479645
2013-12-26 21:00:00,15.217,9.911364
2013-12-26 22:00:00,5.141,8.03779
2013-12-26 23:00:00,5.554,5.8102922
2013-12-27 00:00:00,6.686,8.401777
2013-12-27 01:00:00,10.263,10.173182
2013-12-27 02:00:00,12.914,11.252045
2013-12-27 03:00:00,12.832,7.585526
2013-12-27 04:00:00,10.718,9.011423
2013-12-27 05:00:00,5.799,9.286823
2013-12-27 06:00:00,9.558,12.332154
2013-12-27 07:00:00,10.941,10.03125
2013-12-27 08:00:00,12.546,8.490867
2013-12-27 09:00:00,10.658,11.821793
2013-12-27 10:00:00,5.66,7.817515
2013-12-27 11:00:00,5.062,8.257806
2013-12-27 12:00:00,17.882,9.409805
2013-12-27 13:00:00,11.633,15.055505
2013-12-27 14:00:00,16.438,10.363462
2013-12-27 15:00:00,17.5,9.733627
2013-12-27 16:00:00,12.281,9.23976
2013-12-27 17:00:00,5.758,9.143485
2013-12-27 18:00:00,14.437,10.600266
2013-12-27 19:00:00,11.179,16.71339
2013-12-27 20:00:00,13.373,10.995314
2013-12-27 21:00:00,8.896,10.941178
2013-12-27 22:00:00,4.0,6.4967656
2013-12-27 23:00:00,8.325,7.314201
2013-12-28 00:00:00,10.121,9.805439
2013-12-28 01:00:00,16.474,11.20511
2013-12-28 02:00:00,7.618,15.189012
2013-12-28 03:00:00,6.086,10.134209
2013-12-28 04:00:00,10.499,7.3177266
2013-12-28 05:00:00,5.082,7.007301
2013-12-28 06:00:00,7.949,8.215285
2013-12-28 07:00:00,9.36,11.003818
2013-12-28 08:00:00,7.449,10.31605
2013-12-28 09:00:00,10.09,9.111828
2013-12-28 10:00:00,13.925,6.948477
2013-12-28 11:00:00,11.175,7.5049753
2013-12-28 12:00:00,11.505,13.838444
2013-12-28 13:00:00,10.485,11.3472595
2013-12-28 14:00:00,9.946,15.942977
2013-12-28 15:00:00,4.048,11.974961
2013-12-28 16:00:00,5.988,6.9020305
2013-12-28 17:00:00,5.427,6.5209336
2013-12-28 18:00:00,10.888,8.951677
2013-12-28 19:00:00,13.034,11.453665
2013-12-28 20:00:00,8.099,11.944606
2013-12-28 21:00:00,10.601,7.8167133
2013-12-28 22:00:00,4.828,6.4489913
2013-12-28 23:00:00,7.304,6.2510414
2013-12-29 00:00:00,12.694,9.889201
2013-12-29 01:00:00,11.166,12.834603
2013-12-29 02:00:00,9.49,10.912994
2013-12-29 03:00:00,9.045,9.354103
2013-12-29 04:00:00,11.695,7.38531
2013-12-29 05:00:00,5.123,6.661281
2013-12-29 06:00:00,10.052,8.468061
2013-12-29 07:00:00,6.957,10.446778
2013-12-29 08:00:00,9.754,9.951872
2013-12-29 09:00:00,8.548,8.577238
2013-12-29 10:00:00,7.839,7.5854154
2013-12-29 11:00:00,5.302,8.736322
2013-12-29 12:00:00,13.113,9.26526
2013-12-29 13:00:00,14.524,12.403949
2013-12-29 14:00:00,8.147,13.347937
2013-12-29 15:00:00,6.53,6.9783654
2013-12-29 16:00:00,11.724,7.4447947
2013-12-29 17:00:00,4.0,6.355788
2013-12-29 18:00:00,11.471,8.772926
2013-12-29 19:00:00,4.491,11.856162
2013-12-29 20:00:00,7.521,9.214144
2013-12-29 21:00:00,5.486,9.824635
2013-12-29 22:00:00,6.424,7.046262
2013-12-29 23:00:00,9.584,6.9530416
2013-12-30 00:00:00,9.694,9.98902
2013-12-30 01:00:00,13.966,10.996698
2013-12-30 02:00:00,14.07,12.528756
2013-12-30 03:00:00,8.712,10.163944
2013-12-30 04:00:00,4.0,9.259967
2013-12-30 05:00:00,5.652,7.109194
2013-12-30 06:00:00,11.158,9.63341
2013-12-30 07:00:00,6.523,10.110752
2013-12-30 08:00:00,14.754,9.078994
2013-12-30 09:00:00,7.671,10.014443
2013-12-30 10:00:00,10.692,7.3863635
2013-12-30 11:00:00,6.011,7.701928
2013-12-30 12:00:00,9.474,12.941996
2013-12-30 13:00:00,16.527,13.410822
2013-12-30 14:00:00,12.548,12.647927
2013-12-30 15:00:00,12.523,10.436025
2013-12-30 16:00:00,10.177,9.272604
2013-12-30 17:00:00,6.726,6.654476
2013-12-30 18:00:00,12.055,11.244769
2013-12-30 19:00:00,20.604,10.650128
2013-12-30 20:00:00,7.966,13.276482
2013-12-30 21:00:00,9.84,8.108417
2013-12-30 22:00:00,12.485,8.580078
2013-12-30 23:00:00,8.036,9.152809
2013-12-31 00:00:00,12.356,9.963556
2013-12-31 01:00:00,15.423,12.606039
2013-12-31 02:00:00,6.726,14.512451
2013-12-31 03:00:00,10.139,9.517369
2013-12-31 04:00:00,7.742,7.014808
2013-12-31 05:00:00,5.403,7.6333427
2013-12-31 06:00:00,9.222,10.153783
2013-12-31 07:00:00,13.782,10.019548
2013-12-31 08:00:00,15.887,14.622136
2013-12-31 09:00:00,5.952,10.326372
2013-12-31 10:00:00,5.39,8.069724
2013-12-31 11:00:00,4.397,7.514247
2013-12-31 12:00:00,7.98,7.9211154
2013-12-31 13:00:00,9.412,14.9336815
2013-12-31 14:00:00,11.335,10.990868
2013-12-31 15:00:00,8.797,8.844824
2013-12-31 16:00:00,4.881,7.3598127
2013-12-31 17:00:00,8.317,7.0501266
2013-12-31 18:00:00,10.096,10.091933
2013-12-31 19:00:00,12.587,16.571503
2013-12-31 20:00:00,8.23,11.112305
2013-12-31 21:00:00,13.384,8.904828
2013-12-31 22:00:00,4.335,8.695753
2013-12-31 23:00:00,12.78,5.7249293
2014-01-01 00:00:00,6.552,9.233292
2014-01-01 01:00:00,14.794,11.5004225
2014-01-01 02:00:00,5.885,13.366199
2014-01-01 03:00:00,6.346,8.096116
2014-01-01 04:00:00,9.461,8.064865
2014-01-01 05:00:00,7.166,7.777133
2014-01-01 06:00:00,5.052,9.390949
2014-01-01 07:00:00,15.614,9.914061
2014-01-01 08:00:00,12.239,14.273358
2014-01-01 09:00:00,19.56,9.291085
2014-01-01 10:00:00,6.978,10.594343
2014-01-01 11:00:00,9.808,6.4267015
2014-01-01 12:00:00,7.652,8.630386
2014-01-01 13:00:00,17.251,9.739933
2014-01-01 14:00:00,14.406,13.885632
2014-01-01 15:00:00,10.846,9.73845
2014-01-01 16:00:00,11.59,7.1070275
2014-01-01 17:00:00,4.951,8.493492
2014-01-01 18:00:00,8.847,11.052834
2014-01-01 19:00:00,15.211,11.078078
2014-01-01 20:00:00,9.15,11.913532
2014-01-01 21:00:00,10.904,10.015338
2014-01-01 22:00:00,9.317,6.9863563
2014-01-01 23:00:00,4.213,7.733968
2014-01-02 00:00:00,9.168,8.170108
2014-01-02 01:00:00,15.211,12.891765
2014-01-02 02:00:00,6.975,12.231698
2014-01-02 03:00:00,5.528,9.339194
2014-01-02 04:00:00,9.645,7.843836
2014-01-02 05:00:00,7.03,8.143065
2014-01-02 06:00:00,7.232,8.98108
2014-01-02 07:00:00,8.056,11.527889
2014-01-02 08:00:00,15.418,10.671674
2014-01-02 09:00:00,5.549,15.183912
2014-01-02 10:00:00,4.867,7.4786167
2014-01-02 11:00:00,12.057,7.4293804
2014-01-02 12:00:00,13.829,9.374802
2014-01-02 13:00:00,9.622,16.938803
2014-01-02 14:00:00,12.816,14.631755
2014-01-02 15:00:00,9.034,10.535881
2014-01-02 16:00:00,7.083,8.198716
2014-01-02 17:00:00,5.41,6.5663934
2014-01-02 18:00:00,10.176,9.39518
2014-01-02 19:00:00,16.534,14.753842
2014-01-02 20:00:00,15.246,14.2514515
2014-01-02 21:00:00,9.259,11.11091
2014-01-02 22:00:00,5.732,6.8833866
2014-01-02 23:00:00,12.691,7.807467
2014-01-03 00:00:00,7.549,9.974581
2014-01-03 01:00:00,12.964,12.201145
2014-01-03 02:00:00,16.285,12.043992
2014-01-03 03:00:00,10.483,8.188386
2014-01-03 04:00:00,10.005,8.542033
2014-01-03 05:00:00,6.016,8.356579
2014-01-03 06:00:00,5.8,9.471285
2014-01-03 07:00:00,12.787,10.266112
2014-01-03 08:00:00,15.858,13.204469
2014-01-03 09:00:00,13.93,9.00961
2014-01-03 10:00:00,15.007,6.604758
2014-01-03 11:00:00,7.216,10.408972
2014-01-03 12:00:00,11.659,10.856395
2014-01-03 13:00:00,9.441,10.8668785
2014-01-03 14:00:00,5.816,11.499067
2014-01-03 15:00:00,7.207,8.036886
2014-01-03 16:00:00,9.032,7.0787907
2014-01-03 17:00:00,5.501,7.1753926
2014-01-03 18:00:00,5.925,9.175522
2014-01-03 19:00:00,15.639,11.848753
2014-01-03 20:00:00,17.538,16.105938
2014-01-03 21:00:00,10.057,14.463173
2014-01-03 22:00:00,5.615,7.8558364
2014-01-03 23:00:00,5.013,7.2589817
2014-01-04 00:00:00,11.718,7.9691596
2014-01-04 01:00:00,8.387,12.321437
2014-01-04 02:00:00,11.658,13.730585
2014-01-04 03:00:00,9.803,10.120426
2014-01-04 04:00:00,10.32,8.439205
2014-01-04 05:00:00,4.957,9.548012
2014-01-04 06:00:00,17.326,9.171982
2014-01-04 07:00:00,7.883,14.324505
2014-01-04 08:00:00,12.648,13.705112
2014-01-04 09:00:00,8.783,11.101584
2014-01-04 10:00:00,9.502,9.494272
2014-01-04 11:00:00,5.609,7.640674
2014-01-04 12:00:00,8.032,9.659949
2014-01-04 13:00:00,10.606,10.452138
2014-01-04 14:00:00,13.081,9.895898
2014-01-04 15:00:00,4.806,9.956538
2014-01-04 16:00:00,8.718,6.3881106
2014-01-04 17:00:00,11.85,6.498914
2014-01-04 18:00:00,8.558,10.013771
2014-01-04 19:00:00,16.527,13.4185
2014-01-04 20:00:00,4.794,16.342741
2014-01-04 21:00:00,7.421,7.4467535
2014-01-04 22:00:00,13.921,6.8935924
2014-01-04 23:00:00,5.653,5.9233527
2014-01-05 00:00:00,6.761,9.116883
2014-01-05 01:00:00,21.5,10.05456
2014-01-05 02:00:00,13.032,15.52612
2014-01-05 03:00:00,14.462,8.820465
2014-01-05 04:00:00,6.417,8.879457
2014-01-05 05:00:00,5.748,6.1774635
2014-01-05 06:00:00,6.689,9.593366
2014-01-05 07:00:00,13.674,10.412841
2014-01-05 08:00:00,18.265,11.898521
2014-01-05 09:00:00,15.742,12.0942
2014-01-05 10:00:00,11.792,10.26082
2014-01-05 11:00:00,5.741,6.6606913
2014-01-05 12:00:00,11.48,9.141355
2014-01-05 13:00:00,13.592,11.518643
2014-01-05 14:00:00,13.423,13.71655
2014-01-05 15:00:00,16.937,8.268623
2014-01-05 16:00:00,5.485,10.126603
2014-01-05 17:00:00,4.0,6.7788596
2014-01-05 18:00:00,5.284,9.446785
2014-01-05 19:00:00,14.543,11.752945
2014-01-05 20:00:00,13.169,11.05855
2014-01-05 21:00:00,5.114,8.348793
2014-01-05 22:00:00,8.5,6.955997
2014-01-05 23:00:00,7.3,6.0118623
2014-01-06 00:00:00,13.581,12.21475
2014-01-06 01:00:00,7.619,17.783981
2014-01-06 02:00:00,10.03,11.970731
2014-01-06 03:00:00,7.423,11.642734
2014-01-06 04:00:00,4.0,8.698551
2014-01-06 05:00:00,4.713,7.042771
2014-01-06 06:00:00,4.697,10.958394
2014-01-06 07:00:00,6.536,12.27488
2014-01-06 08:00:00,10.777,15.87871
2014-01-06 09:00:00,6.865,12.719867
2014-01-06 10:00:00,5.04,8.428547
2014-01-06 11:00:00,13.363,7.3364825
2014-01-06 12:00:00,6.378,10.365666
2014-01-06 13:00:00,12.582,12.629965
2014-01-06 14:00:00,20.392,13.197628
2014-01-06 15:00:00,7.895,14.138262
2014-01-06 16:00:00,8.073,7.4179835
2014-01-06 17:00:00,5.21,6.668161
2014-01-06 18:00:00,11.66,10.795607
2014-01-06 19:00:00,18.781,15.339104
2014-01-06 20:00:00,11.229,15.574682
2014-01-06 21:00:00,11.471,8.746679
2014-01-06 22:00:00,8.534,7.1316175
2014-01-06 23:00:00,5.372,6.4106174
2014-01-07 00:00:00,12.423,8.532703
2014-01-07 01:00:00,16.706,11.245813
2014-01-07 02:00:00,7.767,14.865692
2014-01-07 03:00:00,11.041,8.540177
2014-01-07 04:00:00,12.789,6.9651146
2014-01-07 05:00:00,6.85,7.574325
2014-01-07 06:00:00,9.933,9.263751
2014-01-07 07:00:00,8.252,10.445383
2014-01-07 08:00:00,6.474,9.210087
2014-01-07 09:00:00,9.165,8.861801
2014-01-07 10:00:00,6.083,5.809857
2014-01-07 11:00:00,4.0,8.776489
2014-01-07 12:00:00,7.385,8.099305
2014-01-07 13:00:00,5.57,12.015321
2014-01-07 14:00:00,10.584,13.816467
2014-01-07 15:00:00,7.359,9.443656
2014-01-07 16:00:00,13.785,8.201798
2014-01-07 17:00:00,7.479,6.7696075
2014-01-07 18:00:00,6.86,10.08029
2014-01-07 19:00:00,15.885,14.82471
2014-01-07 20:00:00,8.89,14.180028
2014-01-07 21:00:00,9.189,8.385947
2014-01-07 22:00:00,5.72,7.592377
2014-01-07 23:00:00,11.848,7.4430723
2014-01-08 00:00:00,4.0,11.327104
2014-01-08 01:00:00,14.826,11.128185
2014-01-08 02:00:00,12.788,14.928825
2014-01-08 03:00:00,6.431,9.751014
2014-01-08 04:00:00,4.948,9.574378
2014-01-08 05:00:00,5.381,8.12283
2014-01-08 06:00:00,10.961,9.06742
2014-01-08 07:00:00,19.214,11.2712345
2014-01-08 08:00:00,6.895,14.185238
2014-01-08 09:00:00,10.71,9.570931
2014-01-08 10:00:00,4.293,9.529821
2014-01-08 11:00:00,9.314,5.9128165
2014-01-08 12:00:00,13.888,9.47467
2014-01-08 13:00:00,11.044,10.242933
2014-01-08 14:00:00,13.225,12.75113
2014-01-08 15:00:00,10.233,8.989643
2014-01-08 16:00:00,13.775,9.678101
2014-01-08 17:00:00,5.996,9.702074
2014-01-08 18:00:00,10.106,11.119448
2014-01-08 19:00:00,11.863,15.169767
2014-01-08 20:00:00,13.285,11.505511
2014-01-08 21:00:00,6.285,9.698979
2014-01-08 22:00:00,7.902,7.6387534
2014-01-08 23:00:00,4.679,8.057968
2014-01-09 00:00:00,9.362,7.331595
2014-01-09 01:00:00,4.964,12.99732
2014-01-09 02:00:00,13.831,10.248246
2014-01-09 03:00:00,5.617,9.734174
2014-01-09 04:00:00,8.653,7.6776032
2014-01-09 05:00:00,5.965,7.1029487
2014-01-09 06:00:00,8.835,10.370242
2014-01-09 07:00:00,9.145,14.488855
2014-01-09 08:00:00,9.107,10.249545
2014-01-09 09:00:00,14.609,9.097293
2014-01-09 10:00:00,12.101,8.373034
2014-01-09 11:00:00,17.127,9.136424
2014-01-09 12:00:00,11.15,12.826491
2014-01-09 13:00:00,12.456,12.143057
2014-01-09 14:00:00,11.552,14.132359
2014-01-09 15:00:00,7.28,9.67058
2014-01-09 16:00:00,9.753,8.805475
2014-01-09 17:00:00,9.088,7.9678535
2014-01-09 18:00:00,12.097,9.894264
2014-01-09 19:00:00,9.099,11.675253
2014-01-09 20:00:00,19.45,11.078043
2014-01-09 21:00:00,12.207,13.190048
2014-01-09 22:00:00,4.0,8.7817
2014-01-09 23:00:00,6.941,7.662804
2014-01-10 00:00:00,4.438,9.171845
2014-01-10 01:00:00,8.512,8.17246
2014-01-10 02:00:00,12.763,10.4062
2014-01-10 03:00:00,7.278,7.2186575
2014-01-10 04:00:00,7.346,7.1076665
2014-01-10 05:00:00,13.977,7.1549625
2014-01-10 06:00:00,5.141,10.047834
2014-01-10 07:00:00,14.356,9.310642
2014-01-10 08:00:00,9.688,13.102056
2014-01-10 09:00:00,9.496,9.4037285
2014-01-10 10:00:00,4.0,7.205918
2014-01-10 11:00:00,5.688,9.210258
2014-01-10 12:00:00,18.272,10.420316
2014-01-10 13:00:00,12.313,15.924744
2014-01-10 14:00:00,9.636,12.3568
2014-01-10 15:00:00,12.348,8.855099
2014-01-10 16:00:00,11.471,9.397488
2014-01-10 17:00:00,5.979,8.421839
2014-01-10 18:00:00,13.361,10.475544
2014-01-10 19:00:00,14.333,12.2777405
2014-01-10 20:00:00,11.941,18.511513
2014-01-10 21:00:00,5.363,10.342965
2014-01-10 22:00:00,5.797,6.623163
2014-01-10 23:00:00,4.0,6.522522
2014-01-11 00:00:00,5.271,8.541317
2014-01-11 01:00:00,7.587,9.100771
2014-01-11 02:00:00,13.745,11.081536
2014-01-11 03:00:00,13.377,9.802287
2014-01-11 04:00:00,7.182,8.855792
2014-01-11 05:00:00,6.886,10.209806
2014-01-11 06:00:00,7.268,9.712186
2014-01-11 07:00:00,8.064,12.600369
2014-01-11 08:00:00,16.91,10.364036
2014-01-11 09:00:00,5.737,12.589092
2014-01-11 10:00:00,5.657,6.3626714
2014-01-11 11:00:00,6.947,7.326379
2014-01-11 12:00:00,9.618,14.568965
2014-01-11 13:00:00,10.62,11.052262
2014-01-11 14:00:00,14.218,11.097054
2014-01-11 15:00:00,12.718,10.547298
2014-01-11 16:00:00,7.977,8.073621
2014-01-11 17:00:00,6.574,7.2896166
2014-01-11 18:00:00,10.146,11.19158
2014-01-11 19:00:00,16.203,12.801786
2014-01-11 20:00:00,12.592,12.86198
2014-01-11 21:00:00,13.242,7.3569717
2014-01-11 22:00:00,7.05,6.6973825
2014-01-11 23:00:00,10.878,5.969429
2014-01-12 00:00:00,12.814,7.920835
2014-01-12 01:00:00,8.648,9.930523
2014-01-12 02:00:00,7.397,10.821532
2014-01-12 03:00:00,5.464,11.29218
2014-01-12 04:00:00,8.96,6.4426928
2014-01-12 05:00:00,11.996,7.770847
2014-01-12 06:00:00,11.125,9.883614
2014-01-12 07:00:00,15.013,10.964308
2014-01-12 08:00:00,14.047,13.844641
2014-01-12 09:00:00,8.376,7.4279757
2014-01-12 10:00:00,6.293,6.30297
2014-01-12 11:00:00,6.293,7.7936406
2014-01-12 12:00:00,14.584,9.504454
2014-01-12 13:00:00,12.883,14.405913
2014-01-12 14:00:00,15.171,12.730672
2014-01-12 15:00:00,7.001,11.25881
2014-01-12 16:00:00,5.485,7.9437265
2014-01-12 17:00:00,5.278,7.464489
2014-01-12 18:00:00,5.375,9.52343
2014-01-12 19:00:00,16.944,10.810521
2014-01-12 20:00:00,6.824,13.925173
2014-01-12 21:00:00,10.733,10.641575
2014-01-12 22:00:00,10.004,8.244022
2014-01-12 23:00:00,4.93,7.9287767
2014-01-13 00:00:00,11.136,10.507359
2014-01-13 01:00:00,21.5,12.043756
2014-01-13 02:00:00,7.49,15.473148
2014-01-13 03:00:00,5.391,8.361059
2014-01-13 04:00:00,7.217,7.529106
2014-01-13 05:00:00,5.605,8.148493
2014-01-13 06:00:00,7.582,9.116814
2014-01-13 07:00:00,10.817,12.736186
2014-01-13 08:00:00,15.847,13.048745
2014-01-13 09:00:00,11.831,11.521875
2014-01-13 10:00:00,15.849,8.025773
2014-01-13 11:00:00,4.0,10.802803
2014-01-13 12:00:00,18.976,9.737908
2014-01-13 13:00:00,12.865,16.502851
2014-01-13 14:00:00,11.999,15.263064
2014-01-13 15:00:00,7.561,10.484573
2014-01-13 16:00:00,5.309,7.0914803
2014-01-13 17:00:00,4.0,7.3121037
2014-01-13 18:00:00,18.135,10.087843
2014-01-13 19:00:00,12.81,17.348469
2014-01-13 20:00:00,15.268,12.497819
2014-01-13 21:00:00,4.597,11.603178
2014-01-13 22:00:00,10.401,7.8778768
2014-01-13 23:00:00,5.223,7.336835
2014-01-14 00:00:00,10.165,9.655553
2014-01-14 01:00:00,5.027,17.120462
2014-01-14 02:00:00,15.138,8.783489
2014-01-14 03:00:00,5.487,7.975008
2014-01-14 04:00:00,7.297,6.605914
2014-01-14 05:00:00,4.871,6.4158154
2014-01-14 06:00:00,6.533,8.058409
2014-01-14 07:00:00,18.894,10.854808
2014-01-14 08:00:00,12.961,14.381177
2014-01-14 09:00:00,12.41,9.477202
2014-01-14 10:00:00,7.345,8.202253
2014-01-14 11:00:00,11.65,6.585245
2014-01-14 12:00:00,13.917,13.086907
2014-01-14 13:00:00,5.354,14.25733
2014-01-14 14:00:00,18.714,10.330604
2014-01-14 15:00:00,16.466,12.285211
2014-01-14 16:00:00,16.554,9.07433
2014-01-14 17:00:00,7.514,9.6647415
2014-01-14 18:00:00,12.517,12.744564
2014-01-14 19:00:00,10.486,12.348196
2014-01-14 20:00:00,7.023,13.881268
2014-01-14 21:00:00,7.115,7.6318154
2014-01-14 22:00:00,14.048,7.893309
2014-01-14 23:00:00,5.227,7.245974
2014-01-15 00:00:00,7.858,8.054252
2014-01-15 01:00:00,15.426,8.429537
2014-01-15 02:00:00,16.042,15.39178
2014-01-15 03:00:00,7.6,9.906136
2014-01-15 04:00:00,6.69,8.064659
2014-01-15 05:00:00,4.612,7.827111
2014-01-15 06:00:00,17.063,8.584598
2014-01-15 07:00:00,17.591,16.595545
2014-01-15 08:00:00,19.313,15.109713
2014-01-15 09:00:00,5.09,13.0019245
2014-01-15 10:00:00,10.112,7.0341535
2014-01-15 11:00:00,4.554,8.545658
2014-01-15 12:00:00,13.403,9.798714
2014-01-15 13:00:00,6.448,10.552095
2014-01-15 14:00:00,8.0,15.950768
2014-01-15 15:00:00,8.921,11.651609
2014-01-15 16:00:00,5.808,11.483395
2014-01-15 17:00:00,4.0,7.061047
2014-01-15 18:00:00,10.836,9.534745
2014-01-15 19:00:00,11.866,12.070672
2014-01-15 20:00:00,13.523,11.375697
2014-01-15 21:00:00,6.335,10.763284
2014-01-15 22:00:00,7.904,8.167468
2014-01-15 23:00:00,12.581,7.228979
2014-01-16 00:00:00,4.0,10.304669
2014-01-16 01:00:00,12.066,10.542215
2014-01-16 02:00:00,8.369,14.933556
2014-01-16 03:00:00,9.206,9.000966
2014-01-16 04:00:00,5.09,9.432376
2014-01-16 05:00:00,8.157,7.762888
2014-01-16 06:00:00,12.8,12.192263
2014-01-16 07:00:00,7.869,15.4211
2014-01-16 08:00:00,13.887,14.75732
2014-01-16 09:00:00,6.007,7.84946
2014-01-16 10:00:00,4.513,10.54198
2014-01-16 11:00:00,5.27,6.367085
2014-01-16 12:00:00,6.586,9.332657
2014-01-16 13:00:00,6.607,10.174051
2014-01-16 14:00:00,13.567,9.953558
2014-01-16 15:00:00,14.103,10.740068
2014-01-16 16:00:00,4.511,8.182686
2014-01-16 17:00:00,9.464,6.258083
2014-01-16 18:00:00,11.109,11.031432
2014-01-16 19:00:00,4.734,11.698926
2014-01-16 20:00:00,14.734,9.764545
2014-01-16 21:00:00,9.941,11.282315
2014-01-16 22:00:00,6.22,6.7908645
2014-01-16 23:00:00,12.445,7.901172
2014-01-17 00:00:00,5.978,9.554621
2014-01-17 01:00:00,8.757,8.808324
2014-01-17 02:00:00,13.44,9.729588
2014-01-17 03:00:00,12.498,9.305787
2014-01-17 04:00:00,4.936,7.171777
2014-01-17 05:00:00,12.071,6.7502384
2014-01-17 06:00:00,5.301,11.909631
2014-01-17 07:00:00,6.938,9.263349
2014-01-17 08:00:00,10.062,12.29054
2014-01-17 09:00:00,12.895,9.64988
2014-01-17 10:00:00,8.062,7.1404824
2014-01-17 11:00:00,4.067,7.024567
2014-01-17 12:00:00,12.07,8.220599
2014-01-17 13:00:00,11.226,11.912528
2014-01-17 14:00:00,9.929,12.943641
2014-01-17 15:00:00,8.822,10.737181
2014-01-17 16:00:00,17.127,6.380666
2014-01-17 17:00:00,13.598,10.369701
2014-01-17 18:00:00,5.917,11.873389
2014-01-17 19:00:00,14.358,8.849326
2014-01-17 20:00:00,14.904,15.422788
2014-01-17 21:00:00,6.966,11.5136595
2014-01-17 22:00:00,8.304,8.010781
2014-01-17 23:00:00,4.899,7.386898
2014-01-18 00:00:00,8.351,8.348683
2014-01-18 01:00:00,8.197,9.875711
2014-01-18 02:00:00,13.16,10.4242325
2014-01-18 03:00:00,11.143,10.233248
2014-01-18 04:00:00,7.958,7.8793774
2014-01-18 05:00:00,8.167,9.292254
2014-01-18 06:00:00,5.231,9.665203
2014-01-18 07:00:00,16.823,9.735876
2014-01-18 08:00:00,7.096,14.649073
2014-01-18 09:00:00,8.778,10.249363
2014-01-18 10:00:00,9.186,8.396698
2014-01-18 11:00:00,5.585,6.4902782
2014-01-18 12:00:00,8.12,9.865639
2014-01-18 13:00:00,14.157,12.827121
2014-01-18 14:00:00,7.968,13.831151
2014-01-18 15:00:00,14.052,8.803179
2014-01-18 16:00:00,5.209,12.756067
2014-01-18 17:00:00,5.726,7.777689
2014-01-18 18:00:00,9.144,9.790867
2014-01-18 19:00:00,11.263,14.392131
2014-01-18 20:00:00,6.965,14.312482
2014-01-18 21:00:00,4.888,9.582152
2014-01-18 22:00:00,4.0,6.9009376
2014-01-18 23:00:00,4.0,6.819532
2014-01-19 00:00:00,5.869,8.346458
2014-01-19 01:00:00,14.291,9.6211605
2014-01-19 02:00:00,6.82,14.04133
2014-01-19 03:00:00,7.477,10.860402
2014-01-19 04:00:00,9.233,8.636539
2014-01-19 05:00:00,5.321,8.381795
2014-01-19 06:00:00,10.597,7.575825
2014-01-19 07:00:00,12.317,15.549935
2014-01-19 08:00:00,15.255,11.521299
2014-01-19 09:00:00,5.969,11.463279
2014-01-19 10:00:00,8.378,7.0997124
2014-01-19 11:00:00,4.0,6.3961525
2014-01-19 12:00:00,7.801,8.26494
2014-01-19 13:00:00,15.433,12.151186
2014-01-19 14:00:00,6.164,13.72293
2014-01-19 15:00:00,8.098,10.1558485
2014-01-19 16:00:00,5.609,5.9457507
2014-01-19 17:00:00,5.819,6.16855
2014-01-19 18:00:00,5.151,8.181267
2014-01-19 19:00:00,7.646,9.714141
2014-01-19 20:00:00,8.246,9.499265
2014-01-19 21:00:00,14.082,6.3990197
2014-01-19 22:00:00,11.042,5.3914557
2014-01-19 23:00:00,5.359,5.899298
2014-01-20 00:00:00,6.846,9.196415
2014-01-20 01:00:00,15.465,10.941297
2014-01-20 02:00:00,10.848,13.524401
2014-01-20 03:00:00,6.533,9.266291
2014-01-20 04:00:00,5.869,7.413521
2014-01-20 05:00:00,5.99,6.2749157
2014-01-20 06:00:00,5.592,9.253657
2014-01-20 07:00:00,17.222,9.781316
2014-01-20 08:00:00,13.7,13.895546
2014-01-20 09:00:00,19.484,8.501101
2014-01-20 10:00:00,4.0,11.383236
2014-01-20 11:00:00,8.013,5.947568
2014-01-20 12:00:00,10.31,8.963552
2014-01-20 13:00:00,6.808,14.657331
2014-01-20 14:00:00,7.755,10.647383
2014-01-20 15:00:00,8.335,8.247246
2014-01-20 16:00:00,4.0,6.12233
2014-01-20 17:00:00,7.38,5.733109
2014-01-20 18:00:00,11.066,8.529032
2014-01-20 19:00:00,17.375,10.665885
2014-01-20 20:00:00,12.123,11.92826
2014-01-20 21:00:00,13.395,10.936522
2014-01-20 22:00:00,6.466,9.289703
2014-01-20 23:00:00,5.966,7.1061172
2014-01-21 00:00:00,7.791,9.137395
2014-01-21 01:00:00,20.514,11.046218
2014-01-21 02:00:00,10.633,13.889612
2014-01-21 03:00:00,11.402,8.680263
2014-01-21 04:00:00,6.083,8.095628
2014-01-21 05:00:00,5.939,7.124735
2014-01-21 06:00:00,15.95,6.8575954
2014-01-21 07:00:00,10.759,15.214951
2014-01-21 08:00:00,6.816,12.610137
2014-01-21 09:00:00,8.911,14.787126
2014-01-21 10:00:00,9.612,5.818879
2014-01-21 11:00:00,5.871,7.6129293
2014-01-21 12:00:00,6.758,9.64353
2014-01-21 13:00:00,14.65,10.540955
2014-01-21 14:00:00,17.723,12.596266
2014-01-21 15:00:00,8.171,12.392755
2014-01-21 16:00:00,4.0,6.2375402
2014-01-21 17:00:00,9.305,6.5267453
2014-01-21 18:00:00,10.847,9.918337
2014-01-21 19:00:00,6.97,15.807883
2014-01-21 20:00:00,7.798,10.821131
2014-01-21 21:00:00,13.558,9.9254
2014-01-21 22:00:00,9.344,9.664403
2014-01-21 23:00:00,5.84,8.094305
2014-01-22 00:00:00,6.113,8.652258
2014-01-22 01:00:00,20.38,16.315733
2014-01-22 02:00:00,8.567,15.108698
2014-01-22 03:00:00,10.55,8.692353
2014-01-22 04:00:00,5.401,9.422099
2014-01-22 05:00:00,8.427,7.43134
2014-01-22 06:00:00,8.75,10.364097
2014-01-22 07:00:00,11.355,11.174165
2014-01-22 08:00:00,10.545,10.819084
2014-01-22 09:00:00,7.868,9.580974
2014-01-22 10:00:00,4.0,8.024356
2014-01-22 11:00:00,5.843,6.7970166
2014-01-22 12:00:00,8.302,8.437896
2014-01-22 13:00:00,8.87,14.365807
2014-01-22 14:00:00,17.681,16.597424
2014-01-22 15:00:00,8.707,12.33015
2014-01-22 16:00:00,8.827,5.988303
2014-01-22 17:00:00,4.885,8.35021
2014-01-22 18:00:00,4.0,9.395094
2014-01-22 19:00:00,13.633,9.351524
2014-01-22 20:00:00,5.397,11.966506
2014-01-22 21:00:00,8.356,7.7695155
2014-01-22 22:00:00,9.356,6.9082484
2014-01-22 23:00:00,8.983,6.41021
2014-01-23 00:00:00,10.129,9.361536
2014-01-23 01:00:00,15.223,16.513231
2014-01-23 02:00:00,12.424,14.471929
2014-01-23 03:00:00,11.486,9.391474
2014-01-23 04:00:00,13.069,6.716708
2014-01-23 05:00:00,4.556,7.09645
2014-01-23 06:00:00,10.057,8.0518675
2014-01-23 07:00:00,10.366,9.729039
2014-01-23 08:00:00,10.143,10.306749
2014-01-23 09:00:00,18.122,8.401605
2014-01-23 10:00:00,6.638,8.18969
2014-01-23 11:00:00,9.786,7.149935
2014-01-23 12:00:00,5.263,8.597112
2014-01-23 13:00:00,12.895,9.725851
2014-01-23 14:00:00,17.088,16.36716
2014-01-23 15:00:00,9.172,12.357371
2014-01-23 16:00:00,5.865,7.5218825
2014-01-23 17:00:00,5.498,6.2622094
2014-01-23 18:00:00,9.345,8.255956
2014-01-23 19:00:00,14.22,11.317609
2014-01-23 20:00:00,13.57,9.990154
2014-01-23 21:00:00,6.502,9.676454
2014-01-23 22:00:00,8.015,7.0154943
2014-01-23 23:00:00,10.475,7.244652
2014-01-24 00:00:00,4.764,10.376675
2014-01-24 01:00:00,7.719,8.772062
2014-01-24 02:00:00,9.766,9.936111
2014-01-24 03:00:00,4.0,8.269316
2014-01-24 04:00:00,4.032,6.6849303
2014-01-24 05:00:00,4.888,5.4831386
2014-01-24 06:00:00,8.738,8.33951
2014-01-24 07:00:00,11.763,11.063016
2014-01-24 08:00:00,15.291,11.06378
2014-01-24 09:00:00,10.145,15.354867
2014-01-24 10:00:00,5.047,7.320704
2014-01-24 11:00:00,7.308,7.076552
2014-01-24 12:00:00,13.391,8.446911
2014-01-24 13:00:00,12.163,13.195858
2014-01-24 14:00:00,10.555,16.090172
2014-01-24 15:00:00,9.617,8.621959
2014-01-24 16:00:00,4.399,6.790055
2014-01-24 17:00:00,6.265,6.8593388
2014-01-24 18:00:00,5.554,9.553509
2014-01-24 19:00:00,15.883,10.547652
2014-01-24 20:00:00,9.401,14.344998
2014-01-24 21:00:00,6.041,9.565911
2014-01-24 22:00:00,4.0,7.492438
2014-01-24 23:00:00,13.122,5.977525
2014-01-25 00:00:00,17.163,8.262502
2014-01-25 01:00:00,19.387,13.4367695
2014-01-25 02:00:00,11.076,14.623255
2014-01-25 03:00:00,8.383,7.6720743
2014-01-25 04:00:00,11.481,5.9480553
2014-01-25 05:00:00,9.277,7.7518682
2014-01-25 06:00:00,8.273,9.653846
2014-01-25 07:00:00,9.696,11.944213
2014-01-25 08:00:00,9.127,12.2057295
2014-01-25 09:00:00,8.729,10.082429
2014-01-25 10:00:00,5.8,6.5704722
2014-01-25 11:00:00,4.0,7.1772985
2014-01-25 12:00:00,9.58,9.880305
2014-01-25 13:00:00,9.848,11.922653
2014-01-25 14:00:00,5.045,11.100459
2014-01-25 15:00:00,9.398,8.061008
2014-01-25 16:00:00,8.558,7.8557224
2014-01-25 17:00:00,4.0,7.98903
2014-01-25 18:00:00,5.959,9.669321
2014-01-25 19:00:00,11.74,13.145231
2014-01-25 20:00:00,12.817,9.887925
2014-01-25 21:00:00,17.746,10.177419
2014-01-25 22:00:00,14.863,8.321818
2014-01-25 23:00:00,4.456,8.218744
2014-01-26 00:00:00,9.647,8.637641
2014-01-26 01:00:00,11.765,16.586546
2014-01-26 02:00:00,14.845,11.460891
2014-01-26 03:00:00,13.412,10.16236
2014-01-26 04:00:00,6.064,8.113901
2014-01-26 05:00:00,5.65,7.6852975
2014-01-26 06:00:00,12.308,8.44561
2014-01-26 07:00:00,10.804,11.240106
2014-01-26 08:00:00,10.311,10.116323
2014-01-26 09:00:00,5.448,9.507677
2014-01-26 10:00:00,12.475,6.748919
2014-01-26 11:00:00,15.948,6.161494
2014-01-26 12:00:00,5.346,11.983297
2014-01-26 13:00:00,8.509,10.413507
2014-01-26 14:00:00,12.108,8.924841
2014-01-26 15:00:00,11.412,9.866217
2014-01-26 16:00:00,5.981,8.499887
2014-01-26 17:00:00,7.019,5.826707
2014-01-26 18:00:00,13.122,9.371015
2014-01-26 19:00:00,13.603,11.34377
2014-01-26 20:00:00,19.862,12.286412
2014-01-26 21:00:00,4.932,12.004101
2014-01-26 22:00:00,7.039,7.8426266
2014-01-26 23:00:00,5.991,6.186824
2014-01-27 00:00:00,5.264,7.6418505
2014-01-27 01:00:00,10.578,8.717865
2014-01-27 02:00:00,15.679,12.127016
2014-01-27 03:00:00,8.442,10.132268
2014-01-27 04:00:00,5.096,7.9194803
2014-01-27 05:00:00,9.327,7.329465
2014-01-27 06:00:00,21.5,9.438024
2014-01-27 07:00:00,15.63,14.515742
2014-01-27 08:00:00,11.263,13.353151
2014-01-27 09:00:00,7.836,8.979026
2014-01-27 10:00:00,4.564,7.0961256
2014-01-27 11:00:00,11.212,5.982367
2014-01-27 12:00:00,5.83,8.852123
2014-01-27 13:00:00,15.588,9.577939
2014-01-27 14:00:00,5.579,14.108942
2014-01-27 15:00:00,16.629,7.4576
2014-01-27 16:00:00,6.737,11.525039
2014-01-27 17:00:00,14.184,8.975348
2014-01-27 18:00:00,10.075,12.712672
2014-01-27 19:00:00,5.33,12.206874
2014-01-27 20:00:00,14.226,13.753744
2014-01-27 21:00:00,10.233,9.011123
2014-01-27 22:00:00,4.0,8.460547
2014-01-27 23:00:00,9.155,7.7482405
2014-01-28 00:00:00,5.808,8.985531
2014-01-28 01:00:00,14.869,10.158112
2014-01-28 02:00:00,11.041,15.327357
2014-01-28 03:00:00,15.166,9.549529
2014-01-28 04:00:00,8.198,7.3321843
2014-01-28 05:00:00,4.0,7.5845046
2014-01-28 06:00:00,13.968,11.91862
2014-01-28 07:00:00,8.227,14.2302685
2014-01-28 08:00:00,7.164,9.855948
2014-01-28 09:00:00,4.0,8.444079
2014-01-28 10:00:00,8.232,6.75593
2014-01-28 11:00:00,9.546,9.160092
2014-01-28 12:00:00,4.357,8.79502
2014-01-28 13:00:00,7.985,10.676478
2014-01-28 14:00:00,13.306,9.37878
2014-01-28 15:00:00,12.71,11.901349
2014-01-28 16:00:00,4.0,8.690662
2014-01-28 17:00:00,8.152,7.320414
2014-01-28 18:00:00,9.037,9.91674
2014-01-28 19:00:00,17.812,9.431948
2014-01-28 20:00:00,12.852,14.538027
2014-01-28 21:00:00,5.506,10.314307
2014-01-28 22:00:00,4.0,6.367452
2014-01-28 23:00:00,5.426,5.792672
2014-01-29 00:00:00,8.515,8.451972
2014-01-29 01:00:00,19.371,10.662079
2014-01-29 02:00:00,14.291,16.533726
2014-01-29 03:00:00,7.647,12.151128
2014-01-29 04:00:00,8.561,7.911588
2014-01-29 05:00:00,8.967,7.375849
2014-01-29 06:00:00,6.382,10.055501
2014-01-29 07:00:00,10.024,10.31615
2014-01-29 08:00:00,11.785,9.653925
2014-01-29 09:00:00,10.018,8.15679
2014-01-29 10:00:00,4.0,7.791233
2014-01-29 11:00:00,10.095,6.644157
2014-01-29 12:00:00,6.404,8.137405
2014-01-29 13:00:00,11.831,9.698699
2014-01-29 14:00:00,6.434,12.232017
2014-01-29 15:00:00,4.0,9.490509
2014-01-29 16:00:00,5.384,6.468755
2014-01-29 17:00:00,6.798,7.2117367
2014-01-29 18:00:00,15.687,10.434933
2014-01-29 19:00:00,15.685,17.201239
2014-01-29 20:00:00,13.073,13.553193
2014-01-29 21:00:00,11.57,7.5271945
2014-01-29 22:00:00,12.018,6.647477
2014-01-29 23:00:00,8.259,7.3352304
2014-01-30 00:00:00,4.504,9.180497
2014-01-30 01:00:00,17.934,12.154624
2014-01-30 02:00:00,11.069,14.016244
2014-01-30 03:00:00,12.898,8.951545
2014-01-30 04:00:00,7.549,7.154878
2014-01-30 05:00:00,8.113,7.0277424
2014-01-30 06:00:00,14.287,9.017443
2014-01-30 07:00:00,12.912,13.433509
2014-01-30 08:00:00,13.012,11.338703
2014-01-30 09:00:00,15.998,9.205264
2014-01-30 10:00:00,5.872,7.8228316
2014-01-30 11:00:00,4.0,7.307267
2014-01-30 12:00:00,5.286,7.928854
2014-01-30 13:00:00,10.051,10.42369
2014-01-30 14:00:00,4.753,9.617691
2014-01-30 15:00:00,8.936,6.598602
2014-01-30 16:00:00,4.0,6.3037176
2014-01-30 17:00:00,13.033,6.8800907
2014-01-30 18:00:00,13.519,11.931504
2014-01-30 19:00:00,18.406,14.592837
2014-01-30 20:00:00,5.294,13.770258
2014-01-30 21:00:00,10.566,8.448613
2014-01-30 22:00:00,4.0,8.041625
2014-01-30 23:00:00,4.0,5.6821637
2014-01-31 00:00:00,5.902,7.733286
2014-01-31 01:00:00,9.312,12.156718
2014-01-31 02:00:00,15.025,10.120624
2014-01-31 03:00:00,8.344,10.829429
2014-01-31 04:00:00,4.463,6.8761964
2014-01-31 05:00:00,4.9,6.464032
2014-01-31 06:00:00,10.061,10.185008
2014-01-31 07:00:00,13.761,12.485558
2014-01-31 08:00:00,15.373,13.635537
2014-01-31 09:00:00,9.693,12.113403
2014-01-31 10:00:00,6.979,8.071102
2014-01-31 11:00:00,4.0,5.7521544
2014-01-31 12:00:00,8.004,8.0930805
2014-01-31 13:00:00,11.729,10.210334
2014-01-31 14:00:00,8.373,8.631735
2014-01-31 15:00:00,5.317,8.253971
2014-01-31 16:00:00,5.045,6.485691
2014-01-31 17:00:00,4.28,7.1487966
2014-01-31 18:00:00,4.0,8.743318
2014-01-31 19:00:00,15.261,12.487196
2014-01-31 20:00:00,19.781,11.530011
2014-01-31 21:00:00,4.421,11.803876
2014-01-31 22:00:00,8.806,5.384881
2014-01-31 23:00:00,4.0,7.7208643
2014-02-01 00:00:00,12.125,8.377313
2014-02-01 01:00:00,7.309,11.78258
2014-02-01 02:00:00,11.294,12.7533
2014-02-01 03:00:00,15.309,8.96827
2014-02-01 04:00:00,4.951,8.589707
2014-02-01 05:00:00,4.0,7.3984284
2014-02-01 06:00:00,7.674,9.021844
2014-02-01 07:00:00,16.94,11.800113
2014-02-01 08:00:00,5.843,13.389816
2014-02-01 09:00:00,18.872,7.9277153
2014-02-01 10:00:00,11.591,10.891491
2014-02-01 11:00:00,4.244,6.498356
2014-02-01 12:00:00,10.832,8.156708
2014-02-01 13:00:00,14.259,11.276412
2014-02-01 14:00:00,11.38,12.064502
2014-02-01 15:00:00,6.492,8.249813
2014-02-01 16:00:00,7.116,6.7288833
2014-02-01 17:00:00,5.183,6.296191
2014-02-01 18:00:00,8.38,8.024042
2014-02-01 19:00:00,4.636,12.915662
2014-02-01 20:00:00,20.563,12.970586
2014-02-01 21:00:00,5.966,12.359855
2014-02-01 22:00:00,4.0,4.8943043
2014-02-01 23:00:00,4.0,5.383149
2014-02-02 00:00:00,8.576,7.4558816
2014-02-02 01:00:00,16.796,10.471628
2014-02-02 02:00:00,5.738,14.647252
2014-02-02 03:00:00,9.491,8.572793
2014-02-02 04:00:00,9.378,7.2311015
2014-02-02 05:00:00,4.363,6.979923
2014-02-02 06:00:00,12.407,8.781064
2014-02-02 07:00:00,20.161,14.839583
2014-02-02 08:00:00,10.296,14.603651
2014-02-02 09:00:00,7.672,15.118897
2014-02-02 10:00:00,9.692,7.8197665
2014-02-02 11:00:00,4.0,6.230782
2014-02-02 12:00:00,12.288,9.037931
2014-02-02 13:00:00,11.587,13.865911
2014-02-02 14:00:00,8.704,10.69225
2014-02-02 15:00:00,13.434,8.921539
2014-02-02 16:00:00,5.578,8.907821
2014-02-02 17:00:00,4.0,5.8296714
2014-02-02 18:00:00,4.0,8.486029
2014-02-02 19:00:00,15.713,8.278549
2014-02-02 20:00:00,19.405,18.345163
2014-02-02 21:00:00,4.25,11.263045
2014-02-02 22:00:00,7.022,6.296336
2014-02-02 23:00:00,7.16,5.878888
2014-02-03 00:00:00,10.861,9.441535
2014-02-03 01:00:00,11.898,16.53358
2014-02-03 02:00:00,19.891,9.043378
2014-02-03 03:00:00,9.713,11.53276
2014-02-03 04:00:00,4.0,7.276569
2014-02-03 05:00:00,5.898,6.8347754
2014-02-03 06:00:00,14.02,9.022639
2014-02-03 07:00:00,16.829,17.146343
2014-02-03 08:00:00,11.309,14.834801
2014-02-03 09:00:00,15.164,8.990112
2014-02-03 10:00:00,14.43,10.264737
2014-02-03 11:00:00,4.098,7.6403685
2014-02-03 12:00:00,5.776,8.800026
2014-02-03 13:00:00,11.966,10.15247
2014-02-03 14:00:00,9.025,10.253802
2014-02-03 15:00:00,4.583,9.313122
2014-02-03 16:00:00,5.16,7.093646
2014-02-03 17:00:00,5.015,6.715878
2014-02-03 18:00:00,10.279,9.199363
2014-02-03 19:00:00,15.76,14.894809
2014-02-03 20:00:00,15.748,17.62176
2014-02-03 21:00:00,7.886,10.1365185
2014-02-03 22:00:00,4.0,8.405403
2014-02-03 23:00:00,8.918,7.539896
2014-02-04 00:00:00,12.13,9.751165
2014-02-04 01:00:00,16.08,12.119129
2014-02-04 02:00:00,7.282,16.929125
2014-02-04 03:00:00,5.47,9.392804
2014-02-04 04:00:00,4.886,6.9853086
2014-02-04 05:00:00,6.042,7.177116
2014-02-04 06:00:00,5.328,10.164395
2014-02-04 07:00:00,8.734,11.001649
2014-02-04 08:00:00,10.667,9.465407
2014-02-04 09:00:00,13.354,11.603352
2014-02-04 10:00:00,5.698,9.718389
2014-02-04 11:00:00,5.407,6.042943
2014-02-04 12:00:00,10.803,8.161499
2014-02-04 13:00:00,14.57,11.669661
2014-02-04 14:00:00,12.099,12.5268955
2014-02-04 15:00:00,18.159,7.5897307
2014-02-04 16:00:00,7.944,8.913099
2014-02-04 17:00:00,10.451,6.0090513
2014-02-04 18:00:00,5.2,10.122957
2014-02-04 19:00:00,11.001,11.220099
2014-02-04 20:00:00,9.827,15.261118
2014-02-04 21:00:00,8.505,7.8378525
2014-02-04 22:00:00,5.245,6.982367
2014-02-04 23:00:00,7.158,6.1306996
2014-02-05 00:00:00,9.668,8.016626
2014-02-05 01:00:00,15.212,10.177023
2014-02-05 02:00:00,19.431,13.160189
2014-02-05 03:00:00,6.799,10.66565
2014-02-05 04:00:00,9.548,6.920293
2014-02-05 05:00:00,10.211,7.9236593
2014-02-05 06:00:00,5.973,9.232394
2014-02-05 07:00:00,10.508,9.227639
2014-02-05 08:00:00,13.268,10.665797
2014-02-05 09:00:00,10.933,10.072384
2014-02-05 10:00:00,5.903,7.4166846
2014-02-05 11:00:00,5.822,8.310561
2014-02-05 12:00:00,5.38,10.287915
2014-02-05 13:00:00,13.99,11.472436
2014-02-05 14:00:00,9.587,11.516027
2014-02-05 15:00:00,12.912,12.906185
2014-02-05 16:00:00,6.517,8.048489
2014-02-05 17:00:00,18.991,7.7053895
2014-02-05 18:00:00,10.081,14.285768
2014-02-05 19:00:00,10.329,11.13473
2014-02-05 20:00:00,12.336,10.75097
2014-02-05 21:00:00,7.852,12.550256
2014-02-05 22:00:00,4.0,7.914564
2014-02-05 23:00:00,5.726,8.600762
2014-02-06 00:00:00,9.091,8.256066
2014-02-06 01:00:00,9.358,11.797845
2014-02-06 02:00:00,15.764,15.058147
2014-02-06 03:00:00,14.916,11.757047
2014-02-06 04:00:00,4.0,9.507532
2014-02-06 05:00:00,5.062,6.860964
2014-02-06 06:00:00,11.372,8.33853
2014-02-06 07:00:00,14.149,11.647312
2014-02-06 08:00:00,18.306,13.394305
2014-02-06 09:00:00,13.312,13.371568
2014-02-06 10:00:00,9.437,8.404428
2014-02-06 11:00:00,9.325,7.2467675
2014-02-06 12:00:00,19.481,8.787197
2014-02-06 13:00:00,15.524,16.101488
2014-02-06 14:00:00,8.512,13.231597
2014-02-06 15:00:00,4.209,9.620616
2014-02-06 16:00:00,4.0,7.276266
2014-02-06 17:00:00,11.985,7.6030536
2014-02-06 18:00:00,9.423,11.582401
2014-02-06 19:00:00,12.043,10.375926
2014-02-06 20:00:00,14.123,12.112951
2014-02-06 21:00:00,16.753,10.510487
2014-02-06 22:00:00,5.361,8.000825
2014-02-06 23:00:00,4.981,7.3415375
2014-02-07 00:00:00,8.48,8.614809
2014-02-07 01:00:00,13.348,12.32369
2014-02-07 02:00:00,11.275,14.492293
2014-02-07 03:00:00,5.768,12.083977
2014-02-07 04:00:00,6.104,6.1440372
2014-02-07 05:00:00,4.666,6.6473207
2014-02-07 06:00:00,12.833,8.359224
2014-02-07 07:00:00,5.855,12.005755
2014-02-07 08:00:00,12.17,14.023254
2014-02-07 09:00:00,6.414,10.233992
2014-02-07 10:00:00,8.288,7.7531295
2014-02-07 11:00:00,6.635,7.458661
2014-02-07 12:00:00,9.197,13.251966
2014-02-07 13:00:00,12.335,14.069674
2014-02-07 14:00:00,7.974,11.162875
2014-02-07 15:00:00,11.313,6.949218
2014-02-07 16:00:00,4.0,6.0763645
2014-02-07 17:00:00,4.0,6.633848
2014-02-07 18:00:00,18.821,9.052258
2014-02-07 19:00:00,8.069,14.168508
2014-02-07 20:00:00,8.709,12.106957
2014-02-07 21:00:00,8.619,9.154383
2014-02-07 22:00:00,5.443,7.224907
2014-02-07 23:00:00,7.434,6.2564087
2014-02-08 00:00:00,5.243,9.659485
2014-02-08 01:00:00,19.504,9.11848
2014-02-08 02:00:00,12.025,13.677565
2014-02-08 03:00:00,19.141,8.01079
2014-02-08 04:00:00,7.508,10.302259
2014-02-08 05:00:00,4.0,7.354054
2014-02-08 06:00:00,4.029,9.788622
2014-02-08 07:00:00,5.746,9.896514
2014-02-08 08:00:00,18.232,9.457018
2014-02-08 09:00:00,12.826,13.194895
2014-02-08 10:00:00,7.936,8.22763
2014-02-08 11:00:00,7.747,7.6392984
2014-02-08 12:00:00,14.224,8.441606
2014-02-08 13:00:00,10.376,13.978916
2014-02-08 14:00:00,5.114,10.264788
2014-02-08 15:00:00,17.891,8.397474
2014-02-08 16:00:00,4.554,11.210832
2014-02-08 17:00:00,8.0,7.7919083
2014-02-08 18:00:00,12.508,12.471034
2014-02-08 19:00:00,13.047,10.250988
2014-02-08 20:00:00,9.052,9.838727
2014-02-08 21:00:00,12.964,6.9036965
2014-02-08 22:00:00,6.072,8.916179
2014-02-08 23:00:00,4.0,7.696036
2014-02-09 00:00:00,13.463,8.763248
2014-02-09 01:00:00,5.399,16.540348
2014-02-09 02:00:00,7.211,9.5760765
2014-02-09 03:00:00,7.243,12.722959
2014-02-09 04:00:00,5.824,7.2718806
2014-02-09 05:00:00,8.449,6.551337
2014-02-09 06:00:00,10.824,8.1682825
2014-02-09 07:00:00,14.423,9.859141
2014-02-09 08:00:00,21.362,16.43717
2014-02-09 09:00:00,4.0,10.661333
2014-02-09 10:00:00,14.883,7.701454
2014-02-09 11:00:00,10.151,9.157252
2014-02-09 12:00:00,9.051,10.187676
2014-02-09 13:00:00,14.737,10.5979395
2014-02-09 14:00:00,14.838,10.944904
2014-02-09 15:00:00,4.0,13.849995
2014-02-09 16:00:00,4.0,6.1870456
2014-02-09 17:00:00,4.574,6.74544
2014-02-09 18:00:00,5.321,8.9874115
2014-02-09 19:00:00,14.221,9.420061
2014-02-09 20:00:00,12.669,11.445565
2014-02-09 21:00:00,5.383,9.690863
2014-02-09 22:00:00,7.554,6.9375052
2014-02-09 23:00:00,6.133,5.889735
2014-02-10 00:00:00,4.2,9.591773
2014-02-10 01:00:00,4.995,7.77494
2014-02-10 02:00:00,13.91,8.595392
2014-02-10 03:00:00,16.812,9.226242
2014-02-10 04:00:00,6.092,7.716716
2014-02-10 05:00:00,4.0,7.27082
2014-02-10 06:00:00,5.767,8.719361
2014-02-10 07:00:00,6.87,10.9044695
2014-02-10 08:00:00,12.989,19.021992
2014-02-10 09:00:00,6.632,7.038685
2014-02-10 10:00:00,6.512,8.905127
2014-02-10 11:00:00,4.0,8.331649
2014-02-10 12:00:00,10.388,8.354373
2014-02-10 13:00:00,15.512,15.156397
2014-02-10 14:00:00,20.07,16.627253
2014-02-10 15:00:00,9.306,9.905109
2014-02-10 16:00:00,6.317,6.0766506
2014-02-10 17:00:00,5.809,7.1333404
2014-02-10 18:00:00,8.523,9.833352
2014-02-10 19:00:00,12.134,12.8090725
2014-02-10 20:00:00,8.645,12.053091
2014-02-10 21:00:00,5.246,8.09291
2014-02-10 22:00:00,5.585,7.1389403
2014-02-10 23:00:00,9.659,6.884132
2014-02-11 00:00:00,8.251,7.6887712
2014-02-11 01:00:00,10.347,8.317291
2014-02-11 02:00:00,15.375,11.666465
2014-02-11 03:00:00,17.603,12.685474
2014-02-11 04:00:00,4.0,8.503764
2014-02-11 05:00:00,4.0,5.899726
2014-02-11 06:00:00,11.008,8.869039
2014-02-11 07:00:00,16.192,10.343282
2014-02-11 08:00:00,9.167,13.884802
2014-02-11 09:00:00,9.704,8.486255
2014-02-11 10:00:00,5.24,7.7320633
2014-02-11 11:00:00,4.675,7.4661355
2014-02-11 12:00:00,13.975,8.850408
2014-02-11 13:00:00,7.605,14.914285
2014-02-11 14:00:00,6.142,14.747943
2014-02-11 15:00:00,12.94,7.853605
2014-02-11 16:00:00,7.735,7.2728453
2014-02-11 17:00:00,7.886,6.9347324
2014-02-11 18:00:00,8.193,10.169534
2014-02-11 19:00:00,15.757,10.038316
2014-02-11 20:00:00,19.733,13.4043045
2014-02-11 21:00:00,12.344,11.3812065
2014-02-11 22:00:00,7.347,8.1185055
2014-02-11 23:00:00,4.797,7.454921
2014-02-12 00:00:00,11.433,7.567822
2014-02-12 01:00:00,13.655,11.584016
2014-02-12 02:00:00,12.715,12.960988
2014-02-12 03:00:00,5.145,11.652658
2014-02-12 04:00:00,4.0,6.213402
2014-02-12 05:00:00,4.0,6.3555546
2014-02-12 06:00:00,8.992,9.86614
2014-02-12 07:00:00,21.5,12.106704
2014-02-12 08:00:00,6.512,13.706866
2014-02-12 09:00:00,6.061,8.748179
2014-02-12 10:00:00,5.714,6.6916313
2014-02-12 11:00:00,4.0,7.2059665
2014-02-12 12:00:00,13.323,10.0107975
2014-02-12 13:00:00,7.884,9.088216
2014-02-12 14:00:00,15.163,9.548276
2014-02-12 15:00:00,14.266,10.23232
2014-02-12 16:00:00,10.964,9.628371
2014-02-12 17:00:00,4.959,8.129452
2014-02-12 18:00:00,9.024,9.19108
2014-02-12 19:00:00,17.833,13.642123
2014-02-12 20:00:00,11.207,17.481308
2014-02-12 21:00:00,7.296,11.557434
2014-02-12 22:00:00,5.694,5.682787
2014-02-12 23:00:00,7.669,6.1542354
2014-02-13 00:00:00,4.201,8.237654
2014-02-13 01:00:00,16.389,8.886152
2014-02-13 02:00:00,7.302,14.948356
2014-02-13 03:00:00,7.164,8.358634
2014-02-13 04:00:00,4.133,6.445216
2014-02-13 05:00:00,7.131,6.7510743
2014-02-13 06:00:00,18.986,8.794844
2014-02-13 07:00:00,11.977,16.462116
2014-02-13 08:00:00,9.737,11.229123
2014-02-13 09:00:00,11.216,9.55886
2014-02-13 10:00:00,4.0,7.2649894
2014-02-13 11:00:00,5.505,5.784928
2014-02-13 12:00:00,4.0,9.462359
2014-02-13 13:00:00,8.531,8.433744
2014-02-13 14:00:00,16.131,12.598079
2014-02-13 15:00:00,13.649,11.820505
2014-02-13 16:00:00,10.604,9.62607
2014-02-13 17:00:00,5.176,6.60952
2014-02-13 18:00:00,12.182,8.638886
2014-02-13 19:00:00,5.721,14.891438
2014-02-13 20:00:00,13.406,9.252951
2014-02-13 21:00:00,10.072,9.385574
2014-02-13 22:00:00,6.98,7.2067943
2014-02-13 23:00:00,5.66,7.094005
2014-02-14 00:00:00,13.505,8.359856
2014-02-14 01:00:00,18.226,16.758158
2014-02-14 02:00:00,21.5,13.4704075
2014-02-14 03:00:00,12.155,11.200527
2014-02-14 04:00:00,4.0,6.2646084
2014-02-14 05:00:00,5.98,6.3899884
2014-02-14 06:00:00,11.582,11.299793
2014-02-14 07:00:00,9.097,10.961492
2014-02-14 08:00:00,7.947,9.778536
2014-02-14 09:00:00,6.762,8.927789
2014-02-14 10:00:00,4.394,6.0485497
2014-02-14 11:00:00,11.808,6.658932
2014-02-14 12:00:00,14.145,7.04047
2014-02-14 13:00:00,10.881,11.832354
2014-02-14 14:00:00,9.453,13.494489
2014-02-14 15:00:00,9.281,10.505266
2014-02-14 16:00:00,9.075,7.9241147
2014-02-14 17:00:00,6.061,7.78525
2014-02-14 18:00:00,4.0,10.502251
2014-02-14 19:00:00,13.013,10.225964
2014-02-14 20:00:00,12.856,12.837781
2014-02-14 21:00:00,6.235,11.43589
2014-02-14 22:00:00,7.508,8.049691
2014-02-14 23:00:00,4.0,6.9739833
2014-02-15 00:00:00,7.158,9.7713785
2014-02-15 01:00:00,13.459,14.291512
2014-02-15 02:00:00,13.393,16.428877
2014-02-15 03:00:00,14.274,9.595728
2014-02-15 04:00:00,8.193,8.005697
2014-02-15 05:00:00,9.888,8.54229
2014-02-15 06:00:00,9.402,9.905824
2014-02-15 07:00:00,16.08,9.744504
2014-02-15 08:00:00,6.246,12.133932
2014-02-15 09:00:00,4.0,9.427792
2014-02-15 10:00:00,4.444,7.826446
2014-02-15 11:00:00,4.0,9.326128
2014-02-15 12:00:00,5.037,10.863753
2014-02-15 13:00:00,13.691,12.266774
2014-02-15 14:00:00,9.6,12.378729
2014-02-15 15:00:00,10.084,8.49428
2014-02-15 16:00:00,5.191,7.902363
2014-02-15 17:00:00,15.682,8.313611
2014-02-15 18:00:00,10.709,10.833002
2014-02-15 19:00:00,10.344,11.888966
2014-02-15 20:00:00,11.69,11.147901
2014-02-15 21:00:00,5.318,9.992
2014-02-15 22:00:00,9.182,6.7039776
2014-02-15 23:00:00,5.445,6.745845
2014-02-16 00:00:00,13.976,8.969808
2014-02-16 01:00:00,10.601,13.353406
2014-02-16 02:00:00,8.173,12.580971
2014-02-16 03:00:00,13.602,10.0800905
2014-02-16 04:00:00,6.145,7.9595404
2014-02-16 05:00:00,8.742,7.2854066
2014-02-16 06:00:00,10.538,8.819052
2014-02-16 07:00:00,11.964,12.698514
2014-02-16 08:00:00,16.087,9.61061
2014-02-16 09:00:00,4.0,9.597818
2014-02-16 10:00:00,7.426,6.8573112
2014-02-16 11:00:00,6.088,5.86286
2014-02-16 12:00:00,12.099,7.743967
2014-02-16 13:00:00,18.356,12.136407
2014-02-16 14:00:00,16.673,15.304927
2014-02-16 15:00:00,13.42,11.900216
2014-02-16 16:00:00,5.581,6.318369
2014-02-16 17:00:00,8.203,7.7528787
2014-02-16 18:00:00,9.25,9.78691
2014-02-16 19:00:00,12.354,10.570661
2014-02-16 20:00:00,13.552,11.91574
2014-02-16 21:00:00,13.301,7.836954
2014-02-16 22:00:00,4.789,7.5469646
2014-02-16 23:00:00,4.0,6.7430687
2014-02-17 00:00:00,9.17,8.449815
2014-02-17 01:00:00,17.169,9.872481
2014-02-17 02:00:00,14.596,15.321486
2014-02-17 03:00:00,15.097,11.703087
2014-02-17 04:00:00,4.259,8.594777
2014-02-17 05:00:00,5.882,6.706049
2014-02-17 06:00:00,10.294,8.778126
2014-02-17 07:00:00,10.813,11.980305
2014-02-17 08:00:00,16.695,13.989855
2014-02-17 09:00:00,8.805,10.575826
2014-02-17 10:00:00,4.0,8.278555
2014-02-17 11:00:00,11.356,8.436814
2014-02-17 12:00:00,12.751,10.200855
2014-02-17 13:00:00,9.338,16.932964
2014-02-17 14:00:00,8.053,15.529988
2014-02-17 15:00:00,8.628,10.139276
2014-02-17 16:00:00,11.242,7.2473187
2014-02-17 17:00:00,5.762,8.715625
2014-02-17 18:00:00,14.351,9.883641
2014-02-17 19:00:00,10.486,14.599996
2014-02-17 20:00:00,6.367,13.509969
2014-02-17 21:00:00,6.12,10.472798
2014-02-17 22:00:00,10.827,7.431823
2014-02-17 23:00:00,5.308,7.5143204
2014-02-18 00:00:00,5.709,9.277209
2014-02-18 01:00:00,14.572,11.445474
2014-02-18 02:00:00,12.936,13.796314
2014-02-18 03:00:00,11.92,11.153385
2014-02-18 04:00:00,5.473,6.770693
2014-02-18 05:00:00,5.064,7.4522066
2014-02-18 06:00:00,8.132,9.305612
2014-02-18 07:00:00,8.77,10.479131
2014-02-18 08:00:00,15.287,13.315263
2014-02-18 09:00:00,4.834,11.6181345
2014-02-18 10:00:00,8.443,5.9644065
2014-02-18 11:00:00,4.766,8.0353155
2014-02-18 12:00:00,7.576,9.398072
2014-02-18 13:00:00,8.319,11.313705
2014-02-18 14:00:00,17.259,10.490363
2014-02-18 15:00:00,8.877,12.471994
2014-02-18 16:00:00,6.379,8.13642
2014-02-18 17:00:00,11.168,6.753509
2014-02-18 18:00:00,8.725,12.996999
2014-02-18 19:00:00,6.381,10.963382
2014-02-18 20:00:00,13.438,10.113795
2014-02-18 21:00:00,12.237,10.3981495
2014-02-18 22:00:00,5.321,10.136999
2014-02-18 23:00:00,5.31,6.8756423
2014-02-19 00:00:00,16.403,8.367382
2014-02-19 01:00:00,5.745,16.013475
2014-02-19 02:00:00,10.096,10.462696
2014-02-19 03:00:00,11.298,9.304994
2014-02-19 04:00:00,4.0,6.542412
2014-02-19 05:00:00,14.297,6.0753956
2014-02-19 06:00:00,10.248,11.212493
2014-02-19 07:00:00,12.95,10.670515
2014-02-19 08:00:00,17.489,12.246748
2014-02-19 09:00:00,8.933,9.341452
2014-02-19 10:00:00,5.285,7.7384057
2014-02-19 11:00:00,4.0,6.9284062
2014-02-19 12:00:00,10.027,8.736169
2014-02-19 13:00:00,13.74,10.259097
2014-02-19 14:00:00,12.988,16.860792
2014-02-19 15:00:00,12.639,10.415245
2014-02-19 16:00:00,5.259,8.316972
2014-02-19 17:00:00,5.373,8.115541
2014-02-19 18:00:00,15.218,9.33475
2014-02-19 19:00:00,14.114,13.245529
2014-02-19 20:00:00,13.212,14.230563
2014-02-19 21:00:00,8.716,10.155442
2014-02-19 22:00:00,5.226,7.1084247
2014-02-19 23:00:00,10.287,7.2212405
2014-02-20 00:00:00,15.33,16.470694
2014-02-20 01:00:00,17.049,12.1355915
2014-02-20 02:00:00,10.501,15.752173
2014-02-20 03:00:00,9.394,8.193278
2014-02-20 04:00:00,4.0,6.362286
2014-02-20 05:00:00,5.51,8.172919
2014-02-20 06:00:00,6.971,8.872252
2014-02-20 07:00:00,17.167,13.650506
2014-02-20 08:00:00,7.398,16.405867
2014-02-20 09:00:00,12.155,9.407455
2014-02-20 10:00:00,4.057,8.013589
2014-02-20 11:00:00,10.396,6.6419387
2014-02-20 12:00:00,13.649,10.560777
2014-02-20 13:00:00,17.597,14.443326
2014-02-20 14:00:00,7.847,16.067482
2014-02-20 15:00:00,11.269,10.027738
2014-02-20 16:00:00,4.0,7.5723476
2014-02-20 17:00:00,7.339,6.7111297
2014-02-20 18:00:00,6.782,12.961299
2014-02-20 19:00:00,9.333,12.76958
2014-02-20 20:00:00,15.129,10.94369
2014-02-20 21:00:00,5.897,10.97377
2014-02-20 22:00:00,7.967,6.789087
2014-02-20 23:00:00,7.015,7.925078
2014-02-21 00:00:00,7.916,10.658923
2014-02-21 01:00:00,10.411,14.740778
2014-02-21 02:00:00,11.704,10.529516
2014-02-21 03:00:00,6.951,8.912572
2014-02-21 04:00:00,11.125,6.4483705
2014-02-21 05:00:00,6.742,6.901485
2014-02-21 06:00:00,7.508,9.218685
2014-02-21 07:00:00,16.937,14.1681595
2014-02-21 08:00:00,8.066,13.37787
2014-02-21 09:00:00,6.439,9.659643
2014-02-21 10:00:00,6.746,6.1854568
2014-02-21 11:00:00,9.068,8.492543
2014-02-21 12:00:00,5.674,10.798681
2014-02-21 13:00:00,13.707,13.238576
2014-02-21 14:00:00,21.5,9.917995
2014-02-21 15:00:00,5.407,11.554493
2014-02-21 16:00:00,5.348,5.7203083
2014-02-21 17:00:00,11.479,6.830155
2014-02-21 18:00:00,7.727,10.956079
2014-02-21 19:00:00,14.069,9.751382
2014-02-21 20:00:00,12.092,15.099581
2014-02-21 21:00:00,7.502,10.24131
2014-02-21 22:00:00,5.799,7.8118567
2014-02-21 23:00:00,5.953,5.70722
2014-02-22 00:00:00,4.298,7.808569
2014-02-22 01:00:00,16.933,9.656465
2014-02-22 02:00:00,7.681,15.439335
2014-02-22 03:00:00,5.362,9.217894
2014-02-22 04:00:00,6.06,7.460486
2014-02-22 05:00:00,4.0,8.092081
2014-02-22 06:00:00,13.381,8.247615
2014-02-22 07:00:00,14.58,14.128131
2014-02-22 08:00:00,12.934,12.919227
2014-02-22 09:00:00,10.269,9.486344
2014-02-22 10:00:00,11.285,8.412237
2014-02-22 11:00:00,4.0,7.584503
2014-02-22 12:00:00,7.976,8.072965
2014-02-22 13:00:00,14.159,11.211749
2014-02-22 14:00:00,8.167,13.889695
2014-02-22 15:00:00,12.552,7.048036
2014-02-22 16:00:00,13.659,6.9170523
2014-02-22 17:00:00,5.231,9.520444
2014-02-22 18:00:00,9.021,9.033667
2014-02-22 19:00:00,7.699,12.844759
2014-02-22 20:00:00,15.719,10.51449
2014-02-22 21:00:00,4.0,11.828788
2014-02-22 22:00:00,7.335,7.301953
2014-02-22 23:00:00,6.854,8.561364
2014-02-23 00:00:00,4.847,8.678493
2014-02-23 01:00:00,14.753,12.000948
2014-02-23 02:00:00,10.989,13.402981
2014-02-23 03:00:00,12.47,8.63198
2014-02-23 04:00:00,8.798,9.531956
2014-02-23 05:00:00,5.78,6.463224
2014-02-23 06:00:00,5.65,10.128712
2014-02-23 07:00:00,9.626,11.342941
2014-02-23 08:00:00,9.689,11.748315
2014-02-23 09:00:00,8.163,9.506873
2014-02-23 10:00:00,9.469,8.903718
2014-02-23 11:00:00,6.655,6.567848
2014-02-23 12:00:00,14.4,9.391074
2014-02-23 13:00:00,9.013,14.91561
2014-02-23 14:00:00,11.867,10.0886965
2014-02-23 15:00:00,4.555,9.123252
2014-02-23 16:00:00,5.654,8.461899
2014-02-23 17:00:00,4.0,6.5411525
2014-02-23 18:00:00,7.983,9.118293
2014-02-23 19:00:00,15.025,9.934179
2014-02-23 20:00:00,5.003,16.279686
2014-02-23 21:00:00,5.538,7.098291
2014-02-23 22:00:00,8.262,6.399803
2014-02-23 23:00:00,11.657,8.284625
2014-02-24 00:00:00,12.58,8.585253
2014-02-24 01:00:00,9.926,14.871779
2014-02-24 02:00:00,17.072,12.270676
2014-02-24 03:00:00,7.095,12.39137
2014-02-24 04:00:00,5.513,8.124484
2014-02-24 05:00:00,5.204,7.6387315
2014-02-24 06:00:00,10.239,8.567235
2014-02-24 07:00:00,10.337,11.059545
2014-02-24 08:00:00,12.037,11.593513
2014-02-24 09:00:00,8.202,10.140587
2014-02-24 10:00:00,6.783,7.9778867
2014-02-24 11:00:00,6.615,9.386228
2014-02-24 12:00:00,8.175,11.869429
2014-02-24 13:00:00,6.756,11.516308
2014-02-24 14:00:00,9.861,11.369492
2014-02-24 15:00:00,12.141,7.363734
2014-02-24 16:00:00,5.715,7.667648
2014-02-24 17:00:00,4.0,6.2397194
2014-02-24 18:00:00,9.69,10.002073
2014-02-24 19:00:00,14.795,15.12663
2014-02-24 20:00:00,5.483,11.137178
2014-02-24 21:00:00,11.15,8.677548
2014-02-24 22:00:00,12.6,8.484574
2014-02-24 23:00:00,4.0,8.387993
2014-02-25 00:00:00,13.942,8.712587
2014-02-25 01:00:00,15.891,13.264546
2014-02-25 02:00:00,12.634,15.623743
2014-02-25 03:00:00,6.908,8.488202
2014-02-25 04:00:00,5.025,7.4951425
2014-02-25 05:00:00,4.0,6.6779127
2014-02-25 06:00:00,11.41,9.178579
2014-02-25 07:00:00,5.337,12.176012
2014-02-25 08:00:00,10.479,10.313282
2014-02-25 09:00:00,16.681,8.808143
2014-02-25 10:00:00,5.276,10.13157
2014-02-25 11:00:00,6.406,7.432706
2014-02-25 12:00:00,16.72,9.161821
2014-02-25 13:00:00,11.106,13.395394
2014-02-25 14:00:00,17.22,10.805297
2014-02-25 15:00:00,12.264,11.785486
2014-02-25 16:00:00,5.625,7.944903
2014-02-25 17:00:00,4.0,6.371941
2014-02-25 18:00:00,5.507,8.931864
2014-02-25 19:00:00,15.603,11.396524
2014-02-25 20:00:00,6.82,11.425311
2014-02-25 21:00:00,10.259,10.216419
2014-02-25 22:00:00,4.0,8.279769
2014-02-25 23:00:00,14.358,6.4385724
2014-02-26 00:00:00,8.241,11.70505
2014-02-26 01:00:00,10.587,12.205479
2014-02-26 02:00:00,15.662,11.348339
2014-02-26 03:00:00,12.356,10.414974
2014-02-26 04:00:00,5.737,6.586264
2014-02-26 05:00:00,4.0,5.746635
2014-02-26 06:00:00,5.604,7.800185
2014-02-26 07:00:00,20.931,8.388959
2014-02-26 08:00:00,13.638,12.537119
2014-02-26 09:00:00,4.965,13.029306
2014-02-26 10:00:00,4.0,7.419195
2014-02-26 11:00:00,11.497,6.908622
2014-02-26 12:00:00,5.178,12.962224
2014-02-26 13:00:00,9.944,10.1103735
2014-02-26 14:00:00,5.769,13.921891
2014-02-26 15:00:00,7.226,8.452923
2014-02-26 16:00:00,5.023,5.956961
2014-02-26 17:00:00,5.254,5.7955337
2014-02-26 18:00:00,10.985,9.081449
2014-02-26 19:00:00,7.457,14.517604
2014-02-26 20:00:00,18.07,10.414252
2014-02-26 21:00:00,7.019,12.206038
2014-02-26 22:00:00,4.0,6.7487597
2014-02-26 23:00:00,4.0,7.822
2014-02-27 00:00:00,11.303,7.911396
2014-02-27 01:00:00,12.3,11.376555
2014-02-27 02:00:00,8.209,11.955161
2014-02-27 03:00:00,5.015,8.143813
2014-02-27 04:00:00,13.634,6.393363
2014-02-27 05:00:00,5.628,6.666441
2014-02-27 06:00:00,7.46,8.802527
2014-02-27 07:00:00,15.76,16.375479
2014-02-27 08:00:00,10.117,14.766474
2014-02-27 09:00:00,10.018,8.250921
2014-02-27 10:00:00,5.229,6.3533645
2014-02-27 11:00:00,6.782,8.405384
2014-02-27 12:00:00,7.313,7.6526766
2014-02-27 13:00:00,15.213,9.114952
2014-02-27 14:00:00,14.852,10.39122
2014-02-27 15:00:00,9.007,11.897622
2014-02-27 16:00:00,4.0,6.1778145
2014-02-27 17:00:00,11.488,6.735901
2014-02-27 18:00:00,11.71,10.843796
2014-02-27 19:00:00,12.795,10.859973
2014-02-27 20:00:00,10.688,15.641929
2014-02-27 21:00:00,5.131,8.575364
2014-02-27 22:00:00,4.0,6.4689546
2014-02-27 23:00:00,4.0,6.1290984
2014-02-28 00:00:00,11.631,7.6974206
2014-02-28 01:00:00,7.398,11.025076
2014-02-28 02:00:00,9.408,9.748618
2014-02-28 03:00:00,7.621,7.2736564
2014-02-28 04:00:00,4.0,7.7717376
2014-02-28 05:00:00,4.05,6.42737
2014-02-28 06:00:00,5.448,8.0414505
2014-02-28 07:00:00,10.752,10.02006
2014-02-28 08:00:00,4.976,11.600913
2014-02-28 09:00:00,6.681,8.363683
2014-02-28 10:00:00,5.437,6.822323
2014-02-28 11:00:00,13.059,7.238567
2014-02-28 12:00:00,7.825,9.543276
2014-02-28 13:00:00,8.864,12.8084135
2014-02-28 14:00:00,13.496,12.95111
2014-02-28 15:00:00,12.396,10.323316
2014-02-28 16:00:00,10.803,6.5983686
2014-02-28 17:00:00,13.598,7.800012
2014-02-28 18:00:00,8.052,10.9377365
2014-02-28 19:00:00,14.649,10.892046
2014-02-28 20:00:00,9.597,12.676973
2014-02-28 21:00:00,5.93,6.6820397
2014-02-28 22:00:00,9.671,6.0248256
2014-02-28 23:00:00,13.345,5.622373
